"Unique.IDs","Rank","Anime.Title","Synonyms","Score","Type","Source","Episode.Count","Status","Aired.from","Aired.to","Airing.Duration..in.days.","Season","Release.Year","Broadcast.Day","Broadcast.JST","Producers","Licensors","Studio","Genre","Theme","Demographic","Duration.per.Episode","Rating","Popularity.Rank","Members","Favorites","Recommended.Votes","Reviews.received","Anime.URLs","Image.URLs"
5114,1,"Fullmetal Alchemist: Brotherhood","Hagane no Renkinjutsushi: Fullmetal Alchemist, Fullmetal Alchemist (2009), FMA, FMAB",9.1,"TV","Manga",64,"Finished Airing",2009-04-05,2010-07-04,455,"Spring","2009","Sunday","17:00","Aniplex, Square Enix, Mainichi Broadcasting System, Studio Moriken","Funimation, Aniplex of America","Bones","Action, Adventure, Drama, Fantasy",NA,"Shounen","24 min","R - 17+ (violence & profanity)",3,3232063,220341,895,982,"https://myanimelist.net/anime/5114/Fullmetal_Alchemist__Brotherhood","https://cdn.myanimelist.net/r/50x70/images/anime/1208/94745.jpg?s=7892d01b6c74f1bf945f7a3ff3bb1f6a"
9253,2,"Steins;Gate",NA,9.07,"TV","Visual novel",24,"Finished Airing",2011-04-06,2011-09-14,161,"Spring","2011","Wedneday","02:05","Frontier Works, Media Factory, Kadokawa Shoten, Movic, AT-X, Kadokawa Pictures Japan, Nitroplus","Funimation","White Fox","Drama, Sci-Fi, Suspense","Psychological, Time Travel",NA,"24 min","PG-13 - Teens 13 or older",13,2484021,185439,976,1116,"https://myanimelist.net/anime/9253/Steins_Gate","https://cdn.myanimelist.net/r/50x70/images/anime/1935/127974.jpg?s=cd8506e6d26bad48a78aa985477a55ca"
28977,3,"Gintama°","Gintama' (2015)",9.06,"TV","Manga",51,"Finished Airing",2015-04-08,2016-03-30,357,"Spring","2015","Wedneday","18:00","TV Tokyo, Aniplex, Dentsu","Funimation, Crunchyroll","Bandai Namco Pictures","Action, Comedy, Sci-Fi","Gag Humor, Historical, Parody, Samurai","Shounen","24 min","PG-13 - Teens 13 or older",335,608231,16247,77,81,"https://myanimelist.net/anime/28977/Gintama°","https://cdn.myanimelist.net/r/50x70/images/anime/3/72078.jpg?s=e9537ac90c08758594c787ede117f209"
41467,4,"Bleach: Sennen Kessen-hen","Bleach: Thousand-Year Blood War Arc",9.05,"TV","Manga",13,"Finished Airing",2022-10-11,2022-12-27,77,"Fall","2022","Tueday","00:00","TV Tokyo, Aniplex, Dentsu, Shueisha","VIZ Media","Pierrot","Action, Adventure, Fantasy",NA,"Shounen","24 min","R - 17+ (violence & profanity)",441,483280,19329,97,123,"https://myanimelist.net/anime/41467/Bleach__Sennen_Kessen-hen","https://cdn.myanimelist.net/r/50x70/images/anime/1908/135431.jpg?s=90ea032d3ed39b3093ec6b6dc6be844f"
38524,5,"Shingeki no Kyojin Season 3 Part 2",NA,9.05,"TV","Manga",10,"Finished Airing",2019-04-29,2019-07-01,63,"Spring","2019","Monday","00:10","Production I.G, Dentsu, Mainichi Broadcasting System, Pony Canyon, Kodansha, Techno Sound, Pony Canyon Enterprises","Funimation","Wit Studio","Action, Drama","Gore, Military, Survival","Shounen","23 min","R - 17+ (violence & profanity)",22,2160452,56200,191,211,"https://myanimelist.net/anime/38524/Shingeki_no_Kyojin_Season_3_Part_2","https://cdn.myanimelist.net/r/50x70/images/anime/1517/100633.jpg?s=4540a01b5883647ade494cd28392f100"
52991,6,"Sousou no Frieren","Frieren at the Funeral",9.05,"TV","Manga",NA,"Currently Airing",2023-09-29,NA,NA,"Fall","2023","Friday","23:00","TOHO animation, Shogakukan",NA,"Madhouse","Adventure, Drama, Fantasy",NA,"Shounen","25 min","PG-13 - Teens 13 or older",1826,112037,891,0,0,"https://myanimelist.net/anime/52991/Sousou_no_Frieren","https://cdn.myanimelist.net/r/50x70/images/anime/1015/138006.jpg?s=09c2f2dec5891d8e8fbb9fa3b23c75b4"
9969,7,"Gintama'","Gintama (2011)",9.04,"TV","Manga",51,"Finished Airing",2011-04-04,2012-03-26,357,"Spring","2011","Monday","18:00","TV Tokyo, Aniplex, Dentsu, Trinity Sound, Miracle Robo, Studio Jack, Shueisha",NA,"Sunrise","Action, Comedy, Sci-Fi","Gag Humor, Historical, Parody, Samurai","Shounen","24 min","PG-13 - Teens 13 or older",390,537079,7921,39,41,"https://myanimelist.net/anime/9969/Gintama","https://cdn.myanimelist.net/r/50x70/images/anime/4/50361.jpg?s=b3a061db8c3d42a055d58f9df1f3dac7"
39486,8,"Gintama: The Final",NA,9.04,"Movie","Manga",1,"Finished Airing",2021-01-08,NA,NA,NA,NA,NA,NA,"TV Tokyo, Warner Bros. Japan","Eleven Arts","Bandai Namco Pictures","Action, Comedy, Drama, Sci-Fi","Gag Humor, Historical, Parody, Samurai","Shounen","1 hr 44 min","PG-13 - Teens 13 or older",1557,138836,4141,70,75,"https://myanimelist.net/anime/39486/Gintama__The_Final","https://cdn.myanimelist.net/r/50x70/images/anime/1245/116760.jpg?s=8f52d6ff46ef1233eb9fcd542434221c"
11061,9,"Hunter x Hunter (2011)","HxH (2011)",9.04,"TV","Manga",148,"Finished Airing",2011-10-02,2014-09-24,1088,"Fall","2011","Sunday","10:55","VAP, Nippon Television Network, Shueisha","VIZ Media","Madhouse","Action, Adventure, Fantasy",NA,"Shounen","23 min","PG-13 - Teens 13 or older",10,2715582,203722,756,865,"https://myanimelist.net/anime/11061/Hunter_x_Hunter_2011","https://cdn.myanimelist.net/r/50x70/images/anime/1337/99013.jpg?s=1838e905a0aa3542a009fbcf78000701"
43608,10,"Kaguya-sama wa Kokurasetai: Ultra Romantic","Kaguya-sama wa Kokurasetai: Tensai-tachi no Renai Zunousen 3rd Season, Kaguya-sama: Love is War Season 3rd Season",9.04,"TV","Manga",13,"Finished Airing",2022-04-09,2022-06-25,77,"Spring","2022","Saturday","00:00","Aniplex, Mainichi Broadcasting System, Magic Capsule, Shueisha, JR East Marketing & Communications","Aniplex of America","A-1 Pictures","Comedy, Romance",NA,"Seinen","23 min","PG-13 - Teens 13 or older",188,860377,30043,204,230,"https://myanimelist.net/anime/43608/Kaguya-sama_wa_Kokurasetai__Ultra_Romantic","https://cdn.myanimelist.net/r/50x70/images/anime/1160/122627.jpg?s=9b41450e9598d10c97fb4eeb7cca3737"
15417,11,"Gintama': Enchousen","Gintama' (2012), Gintama' Overdrive, Kintama",9.03,"TV","Manga",13,"Finished Airing",2012-10-04,2013-03-28,175,"Fall","2012","Thurday","18:00","TV Tokyo, Aniplex, Dentsu, Shueisha, Miracle Bus",NA,"Sunrise","Action, Comedy, Sci-Fi","Gag Humor, Historical, Parody, Samurai","Shounen","24 min","PG-13 - Teens 13 or older",725,314848,2981,24,24,"https://myanimelist.net/anime/15417/Gintama__Enchousen","https://cdn.myanimelist.net/r/50x70/images/anime/1452/123686.jpg?s=9691ed28cdfeb56ce6881faf2adbf01e"
51535,12,"Shingeki no Kyojin: The Final Season - Kanketsu-hen","Shingeki no Kyojin: The Final Season Part 3, Shingeki no Kyojin Season 4, Attack on Titan Season 4",9.03,"Special","Manga",2,"Currently Airing",2023-03-04,2023-11-05,246,NA,NA,NA,NA,"Production I.G, Dentsu, Mainichi Broadcasting System, Pony Canyon, Kodansha, Pony Canyon Enterprises",NA,"MAPPA","Action, Drama, Suspense","Gore, Military, Survival","Shounen","1 hr 1 min","R - 17+ (violence & profanity)",442,482978,10118,65,88,"https://myanimelist.net/anime/51535/Shingeki_no_Kyojin__The_Final_Season_-_Kanketsu-hen","https://cdn.myanimelist.net/r/50x70/images/anime/1279/131078.jpg?s=d6d04a0dcc347ba55e0243b75b0ad5dd"
820,13,"Ginga Eiyuu Densetsu","LoGH, LotGH, Gin'eiden, GinEiDen, Heldensagen Vom Kosmosinsel",9.02,"OVA","Novel",110,"Finished Airing",1988-01-08,1997-03-17,3356,NA,NA,NA,NA,"TV Tokyo, Kitty Films, Tokuma Shoten, Tokuma Japan Communications, Wright Staff","Sentai Filmworks","K-Factory, Kitty Film Mitaka Studio","Drama, Sci-Fi","Adult Cast, Military, Space",NA,"26 min","R - 17+ (violence & profanity)",738,310771,15893,159,182,"https://myanimelist.net/anime/820/Ginga_Eiyuu_Densetsu","https://cdn.myanimelist.net/r/50x70/images/anime/13/13225.jpg?s=385cedad342e284c5765833ab1cddc1c"
42938,14,"Fruits Basket: The Final","Fruits Basket 3rd Season, Fruits Basket (2019) 3rd Season, Furuba",8.99,"TV","Manga",13,"Finished Airing",2021-04-06,2021-06-29,84,"Spring","2021","Tueday","01:30","TV Tokyo, TV Osaka, Nihon Ad Systems, Hakusensha, Avex Pictures, TMS Music, 8PAN","Funimation","TMS Entertainment","Drama, Romance, Supernatural",NA,"Shoujo","23 min","PG-13 - Teens 13 or older",479,447950,19333,135,160,"https://myanimelist.net/anime/42938/Fruits_Basket__The_Final","https://cdn.myanimelist.net/r/50x70/images/anime/1085/114792.jpg?s=bb4303c0804c9d5ca9fcb30b8f8e6783"
53998,15,"Bleach: Sennen Kessen-hen - Ketsubetsu-tan","Bleach: Thousand-Year Blood War Arc Part 2",8.98,"TV","Manga",13,"Finished Airing",2023-07-08,2023-09-30,84,"Summer","2023","Saturday","23:00","TV Tokyo, Aniplex, Dentsu, Shueisha, Zack Promotion",NA,"Pierrot","Action, Adventure, Fantasy",NA,"Shounen","24 min","R - 17+ (violence & profanity)",1168,194849,3108,6,11,"https://myanimelist.net/anime/53998/Bleach__Sennen_Kessen-hen_-_Ketsubetsu-tan","https://cdn.myanimelist.net/r/50x70/images/anime/1164/138058.jpg?s=101a025f33ee0575a6a5a5e500e3d3c6"
34096,16,"Gintama.","Gintama (2017)",8.98,"TV","Manga",12,"Finished Airing",2017-01-09,2017-03-27,77,"Winter","2017","Monday","01:35","TV Tokyo, Aniplex, Dentsu, Shueisha",NA,"Bandai Namco Pictures","Action, Comedy, Sci-Fi","Gag Humor, Historical, Parody, Samurai","Shounen","24 min","PG-13 - Teens 13 or older",753,303768,2673,23,27,"https://myanimelist.net/anime/34096/Gintama","https://cdn.myanimelist.net/r/50x70/images/anime/3/83528.jpg?s=948f092dd55fb2572f38a0e21f03b642"
918,17,"Gintama","Gin Tama, Silver Soul, Yorinuki Gintama-san",8.94,"TV","Manga",201,"Finished Airing",2006-04-04,2010-03-25,1451,"Spring","2006","Thurday","18:00","TV Tokyo, Aniplex, Dentsu, Trinity Sound, Audio Highs, Miracle Robo, Shueisha","Sentai Filmworks, Crunchyroll","Sunrise","Action, Comedy, Sci-Fi","Gag Humor, Historical, Parody, Samurai","Shounen","24 min","PG-13 - Teens 13 or older",139,1038270,58307,261,279,"https://myanimelist.net/anime/918/Gintama","https://cdn.myanimelist.net/r/50x70/images/anime/10/73274.jpg?s=ed42453c10ba12b03b1600d02725a174"
28851,18,"Koe no Katachi","The Shape of Voice",8.94,"Movie","Manga",1,"Finished Airing",2016-09-17,NA,NA,NA,NA,NA,NA,"Shochiku, Pony Canyon, Kodansha, ABC Animation, Quaras","Eleven Arts, NYAV Post","Kyoto Animation","Award Winning, Drama",NA,"Shounen","2 hr 10 min","PG-13 - Teens 13 or older",20,2239636,84830,593,700,"https://myanimelist.net/anime/28851/Koe_no_Katachi","https://cdn.myanimelist.net/r/50x70/images/anime/1122/96435.jpg?s=56d2750d600af93a5d326daec7748cae"
35180,19,"3-gatsu no Lion 2nd Season","Sangatsu no Lion Second Season",8.93,"TV","Manga",22,"Finished Airing",2017-10-14,2018-03-31,168,"Fall","2017","Saturday","23:00","Aniplex, Dentsu, NHK, Hakusensha, Asmik Ace, Toy's Factory","Aniplex of America","Shaft",NA,"Childcare, Iyashikei, Strategy Game","Seinen","25 min","PG-13 - Teens 13 or older",559,390028,14926,113,126,"https://myanimelist.net/anime/35180/3-gatsu_no_Lion_2nd_Season","https://cdn.myanimelist.net/r/50x70/images/anime/3/88469.jpg?s=becfbf556902bc3501e06a07354b9d76"
4181,20,"Clannad: After Story",NA,8.93,"TV","Visual novel",24,"Finished Airing",2008-10-03,2009-03-27,175,"Fall","2008","Friday","01:59","Pony Canyon, TBS, Rakuonsha, Animation Do","Sentai Filmworks","Kyoto Animation","Drama, Romance, Supernatural",NA,NA,"24 min","PG-13 - Teens 13 or older",117,1164766,69441,619,679,"https://myanimelist.net/anime/4181/Clannad__After_Story","https://cdn.myanimelist.net/r/50x70/images/anime/1299/110774.jpg?s=fcd9db2cfd72c10a2278f483173cfff9"
2904,21,"Code Geass: Hangyaku no Lelouch R2","Code Geass: Hangyaku no Lelouch 2nd Season, Code Geass: Hangyaku no Lelouch Second Season",8.91,"TV","Original",25,"Finished Airing",2008-04-06,2008-09-28,175,"Spring","2008","Sunday","17:00","Bandai Visual, Mainichi Broadcasting System, Bandai, Bandai Namco Entertainment, Hakuhodo DY Media Partners","Funimation, Bandai Entertainment","Sunrise","Action, Award Winning, Drama, Sci-Fi","Mecha, Military, Super Power",NA,"24 min","R - 17+ (violence & profanity)",47,1727515,75383,340,397,"https://myanimelist.net/anime/2904/Code_Geass__Hangyaku_no_Lelouch_R2","https://cdn.myanimelist.net/r/50x70/images/anime/1088/135089.jpg?s=8228f599281b29c489dfc5a0a5761d0f"
15335,22,"Gintama Movie 2: Kanketsu-hen - Yorozuya yo Eien Nare","Gintama: The Final Chapter - Be Forever Yorozuya, Gintama Movie 2",8.91,"Movie","Manga",1,"Finished Airing",2013-07-06,NA,NA,NA,NA,NA,NA,"TV Tokyo, Aniplex, Dentsu, Bandai, Warner Bros. Japan, Shueisha",NA,"Sunrise","Action, Comedy, Sci-Fi","Gag Humor, Historical, Parody, Samurai, Time Travel","Shounen","1 hr 50 min","PG-13 - Teens 13 or older",988,233452,2091,40,43,"https://myanimelist.net/anime/15335/Gintama_Movie_2__Kanketsu-hen_-_Yorozuya_yo_Eien_Nare","https://cdn.myanimelist.net/r/50x70/images/anime/10/51723.jpg?s=27cd24446486572fb64c42a689d38902"
37987,23,"Violet Evergarden Movie","Gekijouban Violet Evergarden",8.89,"Movie","Light novel",1,"Finished Airing",2020-09-18,NA,NA,NA,NA,NA,NA,"Shochiku, ABC Animation","Funimation","Kyoto Animation","Award Winning, Drama, Fantasy",NA,NA,"2 hr 20 min","PG-13 - Teens 13 or older",365,569557,8409,167,211,"https://myanimelist.net/anime/37987/Violet_Evergarden_Movie","https://cdn.myanimelist.net/r/50x70/images/anime/1825/110716.jpg?s=3ad8359182d0b47905f28d0a68683171"
37491,24,"Gintama.: Shirogane no Tamashii-hen - Kouhan-sen","Gintama.: Silver Soul Arc 2",8.88,"TV","Manga",14,"Finished Airing",2018-07-09,2018-10-08,91,"Summer","2018","Monday","01:35","TV Tokyo, Aniplex, Dentsu, Shueisha",NA,"Bandai Namco Pictures","Action, Comedy, Sci-Fi","Gag Humor, Historical, Parody, Samurai","Shounen","24 min","PG-13 - Teens 13 or older",1192,190353,1023,13,19,"https://myanimelist.net/anime/37491/Gintama__Shirogane_no_Tamashii-hen_-_Kouhan-sen","https://cdn.myanimelist.net/r/50x70/images/anime/1776/96566.jpg?s=e1aed468f049dd9444375e9149d33d65"
35247,25,"Owarimonogatari 2nd Season","End Story 2nd Season",8.88,"TV","Light novel",7,"Finished Airing",2017-08-12,2017-08-13,1,"Summer","2017","Not","once","Aniplex, Kodansha","Aniplex of America","Shaft","Comedy, Mystery, Supernatural",NA,NA,"22 min","R - 17+ (violence & profanity)",567,386954,8515,52,55,"https://myanimelist.net/anime/35247/Owarimonogatari_2nd_Season","https://cdn.myanimelist.net/r/50x70/images/anime/6/87322.jpg?s=3e60507a4b6016d83e7433aa4cb7853e"
19,26,"Monster",NA,8.87,"TV","Manga",74,"Finished Airing",2004-04-07,2005-09-28,539,"Spring","2004","Wedneday","00:40","VAP, Shogakukan-Shueisha Productions, Nippon Television Network","VIZ Media","Madhouse","Drama, Mystery, Suspense","Adult Cast, Psychological","Seinen","24 min","R+ - Mild Nudity",137,1050545,49409,371,439,"https://myanimelist.net/anime/19/Monster","https://cdn.myanimelist.net/r/50x70/images/anime/10/18793.jpg?s=08c4f10a101c3835eeb14ca0715512bd"
32281,27,"Kimi no Na wa.",NA,8.84,"Movie","Original",1,"Finished Airing",2016-08-26,NA,NA,NA,NA,NA,NA,"TOHO, Sound Team Don Juan, Amuse, JR East Marketing & Communications, Kadokawa, voque ting","Funimation, NYAV Post","CoMix Wave Films","Award Winning, Drama, Supernatural",NA,NA,"1 hr 46 min","PG-13 - Teens 13 or older",11,2647485,88423,806,946,"https://myanimelist.net/anime/32281/Kimi_no_Na_wa","https://cdn.myanimelist.net/r/50x70/images/anime/5/87048.jpg?s=2bca128fcb9dfd6d0908f3d9986576c6"
45649,28,"The First Slam Dunk",NA,8.83,"Movie","Manga",1,"Finished Airing",2022-12-03,NA,NA,NA,NA,NA,NA,"Shueisha","GKIDS","Toei Animation, DandeLion Animation Studio","Award Winning, Sports","School, Team Sports","Shounen","2 hr 4 min","PG-13 - Teens 13 or older",3949,29007,382,19,24,"https://myanimelist.net/anime/45649/The_First_Slam_Dunk","https://cdn.myanimelist.net/r/50x70/images/anime/1745/129284.jpg?s=0a4aa56dd7a19b280e4cdd09aaad81a6"
52198,29,"Kaguya-sama wa Kokurasetai: First Kiss wa Owaranai",NA,8.83,"Movie","Manga",1,"Finished Airing",2022-12-17,NA,NA,NA,NA,NA,NA,"Aniplex, Mainichi Broadcasting System, Shueisha, JR East Marketing & Communications","Aniplex of America","A-1 Pictures","Comedy, Drama, Romance",NA,"Seinen","1 hr 36 min","PG-13 - Teens 13 or older",1086,212246,1551,44,54,"https://myanimelist.net/anime/52198/Kaguya-sama_wa_Kokurasetai__First_Kiss_wa_Owaranai","https://cdn.myanimelist.net/r/50x70/images/anime/1670/130060.jpg?s=d6b458f3a59a4c5ae4a2ee526feb690f"
47917,30,"Bocchi the Rock!",NA,8.82,"TV","4-koma manga",12,"Finished Airing",2022-10-09,2022-12-25,77,"Fall","2022","Sunday","00:00","Aniplex, Houbunsha",NA,"CloverWorks",NA,"CGDCT, Music",NA,"23 min","PG-13 - Teens 13 or older",447,477072,23295,294,345,"https://myanimelist.net/anime/47917/Bocchi_the_Rock","https://cdn.myanimelist.net/r/50x70/images/anime/1448/127956.jpg?s=81e0f14a54c27c6d8046fced1a046f28"
51009,31,"Jujutsu Kaisen 2nd Season","Jujutsu Kaisen: Kaigyoku Gyokusetsu, Jujutsu Kaisen: Shibuya Jihen, Sorcery Fight, JJK",8.82,"TV","Manga",23,"Currently Airing",2023-07-06,NA,NA,"Summer","2023","Thurday","23:56","Mainichi Broadcasting System, TOHO animation, Shueisha, dugout, Sumzap",NA,"MAPPA","Action, Fantasy",NA,"Shounen","23 min","R - 17+ (violence & profanity)",342,599650,9381,24,37,"https://myanimelist.net/anime/51009/Jujutsu_Kaisen_2nd_Season","https://cdn.myanimelist.net/r/50x70/images/anime/1792/138022.jpg?s=1f89c1e9b9bf47ab767f075edf5d313f"
36838,32,"Gintama.: Shirogane no Tamashii-hen",NA,8.81,"TV","Manga",12,"Finished Airing",2018-01-08,2018-03-26,77,"Winter","2018","Monday","01:35","TV Tokyo, Aniplex, Dentsu, Shueisha",NA,"Bandai Namco Pictures","Action, Comedy, Sci-Fi","Gag Humor, Historical, Parody, Samurai","Shounen","24 min","PG-13 - Teens 13 or older",1125,204669,1140,16,21,"https://myanimelist.net/anime/36838/Gintama__Shirogane_no_Tamashii-hen","https://cdn.myanimelist.net/r/50x70/images/anime/12/89603.jpg?s=635cb89402d5d39f43767f3942e91206"
40682,33,"Kingdom 3rd Season",NA,8.81,"TV","Manga",26,"Finished Airing",2020-04-06,2021-10-17,559,"Spring","2020","Monday","00:10","Shueisha","Funimation","Pierrot, Studio Signpost",NA,"Historical, Military","Seinen","25 min","R - 17+ (violence & profanity)",2057,94468,1917,20,22,"https://myanimelist.net/anime/40682/Kingdom_3rd_Season","https://cdn.myanimelist.net/r/50x70/images/anime/1443/111830.jpg?s=a67f547ff56d05b36123d793df962b45"
49387,34,"Vinland Saga Season 2",NA,8.81,"TV","Manga",24,"Finished Airing",2023-01-10,2023-06-20,161,"Winter","2023","Tueday","00:30","Dentsu, Kodansha, Twin Engine",NA,"MAPPA","Action, Adventure, Drama","Gore, Historical","Seinen","25 min","R - 17+ (violence & profanity)",414,509195,10827,127,187,"https://myanimelist.net/anime/49387/Vinland_Saga_Season_2","https://cdn.myanimelist.net/r/50x70/images/anime/1170/124312.jpg?s=ea717ad18c8bf0f21078491e981e97a1"
37510,35,"Mob Psycho 100 II","Mob Psycho 100 2nd Season, Mob Psycho Hyaku, Mob Psycho One Hundred",8.8,"TV","Web manga",13,"Finished Airing",2019-01-07,2019-04-01,84,"Winter","2019","Monday","23:00","Warner Bros. Japan, KlockWorx, BS Fuji, Hakuhodo DY Music & Pictures, Shogakukan","Funimation","Bones","Action, Comedy, Supernatural",NA,NA,"24 min","PG-13 - Teens 13 or older",74,1466232,31844,172,192,"https://myanimelist.net/anime/37510/Mob_Psycho_100_II","https://cdn.myanimelist.net/r/50x70/images/anime/1918/96303.jpg?s=b5b51cff7ba201e4f1acf37f4f44e224"
31758,36,"Kizumonogatari III: Reiketsu-hen","Koyomi Vamp",8.79,"Movie","Light novel",1,"Finished Airing",2017-01-06,NA,NA,NA,NA,NA,NA,"Aniplex, Kodansha","Aniplex of America","Shaft","Action, Mystery, Supernatural",NA,NA,"1 hr 23 min","R - 17+ (violence & profanity)",481,447652,7299,41,47,"https://myanimelist.net/anime/31758/Kizumonogatari_III__Reiketsu-hen","https://cdn.myanimelist.net/r/50x70/images/anime/1084/112813.jpg?s=db4fcf9c5e229584ca1b04bcebe2c3dc"
40028,37,"Shingeki no Kyojin: The Final Season","Shingeki no Kyojin Season 4, Attack on Titan Season 4",8.79,"TV","Manga",16,"Finished Airing",2020-12-07,2021-03-29,112,"Winter","2021","Monday","00:10","Production I.G, Dentsu, Mainichi Broadcasting System, Pony Canyon, Kodansha, Techno Sound, Pony Canyon Enterprises","Funimation","MAPPA","Action, Drama","Gore, Military, Survival","Shounen","23 min","R - 17+ (violence & profanity)",40,1894166,51663,303,392,"https://myanimelist.net/anime/40028/Shingeki_no_Kyojin__The_Final_Season","https://cdn.myanimelist.net/r/50x70/images/anime/1000/110531.jpg?s=3df5ebb6800604dc04c6a6187dd7161b"
47778,38,"Kimetsu no Yaiba: Yuukaku-hen",NA,8.78,"TV","Manga",11,"Finished Airing",2021-12-05,2022-02-13,70,"Winter","2022","Sunday","23:15","Aniplex, Shueisha","Aniplex of America, Crunchyroll","ufotable","Action, Fantasy",NA,"Shounen","26 min","R - 17+ (violence & profanity)",95,1316539,24015,191,267,"https://myanimelist.net/anime/47778/Kimetsu_no_Yaiba__Yuukaku-hen","https://cdn.myanimelist.net/r/50x70/images/anime/1908/120036.jpg?s=34065463bac342e6efe8bfdbed5d24de"
199,39,"Sen to Chihiro no Kamikakushi","Sen and Chihiro's Spiriting Away",8.78,"Movie","Original",1,"Finished Airing",2001-07-20,NA,NA,NA,NA,NA,NA,"Dentsu, TOHO, Tokuma Shoten, Tohokushinsha Film Corporation, Nippon Television Network, Mitsubishi","Disney Platform Distribution, GKIDS","Studio Ghibli","Adventure, Award Winning, Supernatural",NA,NA,"2 hr 4 min","PG - Children",44,1793168,31786,223,251,"https://myanimelist.net/anime/199/Sen_to_Chihiro_no_Kamikakushi","https://cdn.myanimelist.net/r/50x70/images/anime/6/79597.jpg?s=1f170071bc9a54ce2ba3c0d8c7aa6927"
32935,40,"Haikyuu!! Karasuno Koukou vs. Shiratorizawa Gakuen Koukou","Haikyuu!! Third Season, Haikyuu!! Karasuno High VS Shiratorizawa Academy",8.78,"TV","Manga",10,"Finished Airing",2016-10-08,2016-12-10,63,"Fall","2016","Saturday","01:55","Dentsu, Mainichi Broadcasting System, Movic, Sony Music Entertainment, TOHO animation, Shueisha","Sentai Filmworks","Production I.G",NA,"School, Team Sports","Shounen","24 min","PG-13 - Teens 13 or older",118,1162475,15273,70,73,"https://myanimelist.net/anime/32935/Haikyuu_Karasuno_Koukou_vs_Shiratorizawa_Gakuen_Koukou","https://cdn.myanimelist.net/r/50x70/images/anime/7/81992.jpg?s=6d977383e0b5dc1ba1c122213178e547"
52034,41,"""Oshi no Ko""","My Star",8.77,"TV","Manga",11,"Finished Airing",2023-04-12,2023-06-28,77,"Spring","2023","Wedneday","23:00","Shueisha, CyberAgent, Kadokawa","Sentai Filmworks","Doga Kobo","Drama, Supernatural","Reincarnation, Showbiz","Seinen","30 min","PG-13 - Teens 13 or older",292,665291,25459,191,298,"https://myanimelist.net/anime/52034/Oshi_no_Ko","https://cdn.myanimelist.net/r/50x70/images/anime/1812/134736.jpg?s=01b78ed332b657214ffb3bae89bdcd31"
17074,42,"Monogatari Series: Second Season","Nekomonogatari: Shiro, Kabukimonogatari, Otorimonogatari, Onimonogatari, Koimonogatari",8.77,"TV","Light novel",26,"Finished Airing",2013-07-07,2013-12-29,175,"Summer","2013","Sunday","00:00","Aniplex, Kodansha, Cyclone Graphics","Aniplex of America","Shaft","Comedy, Mystery, Romance, Supernatural",NA,NA,"25 min","R - 17+ (violence & profanity)",298,655276,23190,79,85,"https://myanimelist.net/anime/17074/Monogatari_Series__Second_Season","https://cdn.myanimelist.net/r/50x70/images/anime/1807/121534.jpg?s=2f42455822fc348ba1fd6c50e94fcce1"
48583,43,"Shingeki no Kyojin: The Final Season Part 2","Shingeki no Kyojin Season 4, Attack on Titan Season 4",8.77,"TV","Manga",12,"Finished Airing",2022-01-10,2022-04-04,84,"Winter","2022","Monday","00:05","Production I.G, Dentsu, Mainichi Broadcasting System, Pony Canyon, Kodansha, Pony Canyon Enterprises",NA,"MAPPA","Action, Drama","Gore, Military, Survival","Shounen","23 min","R - 17+ (violence & profanity)",113,1181375,29512,123,178,"https://myanimelist.net/anime/48583/Shingeki_no_Kyojin__The_Final_Season_Part_2","https://cdn.myanimelist.net/r/50x70/images/anime/1948/120625.jpg?s=53584a9c479506f8c779fb38b02d1a6d"
263,44,"Hajime no Ippo","The First Step, Hajime no Ippo: The Fighting",8.76,"TV","Manga",75,"Finished Airing",2000-10-04,2002-03-27,539,"Fall","2000","Tueday","00:50","VAP","Discotek Media, Geneon Entertainment USA","Madhouse",NA,NA,"Shounen","23 min","PG-13 - Teens 13 or older",370,562541,20845,166,171,"https://myanimelist.net/anime/263/Hajime_no_Ippo","https://cdn.myanimelist.net/r/50x70/images/anime/4/86334.jpg?s=4b3096d30158e251d87c196e56c04e63"
1,45,"Cowboy Bebop",NA,8.75,"TV","Original",26,"Finished Airing",1998-04-03,1999-04-24,386,"Spring","1998","Saturday","01:00","Bandai Visual","Funimation","Sunrise","Action, Award Winning, Sci-Fi","Adult Cast, Space",NA,"24 min","R - 17+ (violence & profanity)",43,1804483,79975,517,569,"https://myanimelist.net/anime/1/Cowboy_Bebop","https://cdn.myanimelist.net/r/50x70/images/anime/4/19644.jpg?s=bb1e96eb0a0224a57aa45443eab92575"
50160,46,"Kingdom 4th Season",NA,8.75,"TV","Manga",26,"Finished Airing",2022-04-10,2022-10-02,175,"Spring","2022","Sunday","00:00","Avex Pictures, Shueisha, NHK Enterprises",NA,"Pierrot, Studio Signpost",NA,"Historical, Military","Seinen","24 min","R - 17+ (violence & profanity)",2792,56657,975,10,12,"https://myanimelist.net/anime/50160/Kingdom_4th_Season","https://cdn.myanimelist.net/r/50x70/images/anime/1566/122794.jpg?s=1dd290c4b0bc3df1083c456064109e2f"
37521,47,"Vinland Saga",NA,8.74,"TV","Manga",24,"Finished Airing",2019-07-08,2019-12-30,175,"Summer","2019","Monday","00:10","Production I.G, Dentsu, Kodansha, Twin Engine","Sentai Filmworks","Wit Studio","Action, Adventure, Drama","Gore, Historical","Seinen","24 min","R - 17+ (violence & profanity)",81,1416290,44296,241,311,"https://myanimelist.net/anime/37521/Vinland_Saga","https://cdn.myanimelist.net/r/50x70/images/anime/1500/103005.jpg?s=b21dbd168612f531ce4eec9bd53e272b"
24701,48,"Mushishi Zoku Shou 2nd Season","Mushishi Zoku Shou 2nd Season",8.73,"TV","Manga",10,"Finished Airing",2014-10-19,2014-12-21,63,"Fall","2014","Sunday","00:30","Aniplex, Kodansha, Delfi Sound","Aniplex of America","Artland","Adventure, Mystery, Slice of Life, Supernatural","Adult Cast, Historical, Iyashikei","Seinen","23 min","PG-13 - Teens 13 or older",891,258724,1420,14,15,"https://myanimelist.net/anime/24701/Mushishi_Zoku_Shou_2nd_Season","https://cdn.myanimelist.net/r/50x70/images/anime/9/68095.jpg?s=6025adedafce15a9d2c9363e225241ba"
33095,49,"Shouwa Genroku Rakugo Shinjuu: Sukeroku Futatabi-hen","Shouwa Genroku Rakugo Shinjuu 2nd Season, Showa and Genroku Era Lover's Suicide Through Rakugo 2nd Season",8.72,"TV","Manga",12,"Finished Airing",2017-01-07,2017-03-25,77,"Winter","2017","Saturday","02:25","Mainichi Broadcasting System, Kodansha, DAX Production, King Records",NA,"Studio Deen",NA,"Adult Cast, Historical, Love Polygon, Performing Arts","Josei","24 min","PG-13 - Teens 13 or older",1237,183098,3111,41,47,"https://myanimelist.net/anime/33095/Shouwa_Genroku_Rakugo_Shinjuu__Sukeroku_Futatabi-hen","https://cdn.myanimelist.net/r/50x70/images/anime/1493/124765.jpg?s=5c92c94e226dfebfaa8031696c27754f"
50172,50,"Mob Psycho 100 III","Mob Psycho 100 3rd Season, Mob Psycho Hyaku, Mob Psycho One Hundred",8.71,"TV","Web manga",12,"Finished Airing",2022-10-06,2022-12-22,77,"Fall","2022","Thurday","00:00","Shogakukan-Shueisha Productions, Warner Bros. Japan, KlockWorx, BS Fuji, Hakuhodo DY Music & Pictures, Shogakukan",NA,"Bones","Action, Comedy, Supernatural",NA,NA,"23 min","PG-13 - Teens 13 or older",334,609038,9321,88,105,"https://myanimelist.net/anime/50172/Mob_Psycho_100_III","https://cdn.myanimelist.net/r/50x70/images/anime/1228/125011.jpg?s=33cd9099a0ad56c9d80989ca0e1cc2ec"
21,51,"One Piece","OP",8.71,"TV","Manga",NA,"Currently Airing",1999-10-20,NA,NA,"Fall","1999","Sunday","09:30","Fuji TV, TAP, Shueisha","Funimation, 4Kids Entertainment","Toei Animation","Action, Adventure, Fantasy",NA,"Shounen","24 min","PG-13 - Teens 13 or older",19,2241545,208041,628,792,"https://myanimelist.net/anime/21/One_Piece","https://cdn.myanimelist.net/r/50x70/images/anime/6/73245.jpg?s=f792b8c9e28534ae455d06b15e686a14"
44,52,"Rurouni Kenshin: Meiji Kenkaku Romantan - Tsuioku-hen","Rurouni Kenshin: Tsuiokuhen, Rurouni Kenshin: Reminiscence",8.71,"OVA","Manga",4,"Finished Airing",1999-02-20,1999-09-22,214,NA,NA,NA,NA,"Aniplex","ADV Films, Aniplex of America","Studio Deen","Action, Drama, Romance","Adult Cast, Historical, Martial Arts, Samurai","Shounen","29 min","R - 17+ (violence & profanity)",846,271984,6222,70,72,"https://myanimelist.net/anime/44/Rurouni_Kenshin__Meiji_Kenkaku_Romantan_-_Tsuioku-hen","https://cdn.myanimelist.net/r/50x70/images/anime/1656/137618.jpg?s=95e513e30f17490549e9608f8f7672e3"
48569,53,"86 Part 2",NA,8.71,"TV","Light novel",12,"Finished Airing",2021-10-03,2022-03-19,167,"Fall","2021","Sunday","00:00","Aniplex, Kadokawa, Bandai Spirits",NA,"A-1 Pictures","Action, Drama, Sci-Fi","Mecha, Military",NA,"23 min","R - 17+ (violence & profanity)",469,456410,13737,136,173,"https://myanimelist.net/anime/48569/86_Part_2","https://cdn.myanimelist.net/r/50x70/images/anime/1321/117508.jpg?s=c65bc9967a249eb362a1e037e13ebd73"
2921,54,"Ashita no Joe 2","Rocky Joe 2",8.71,"TV","Manga",47,"Finished Airing",1980-10-13,1981-08-31,322,"Fall","1980","Unknown",NA,"Annapuru",NA,"Tokyo Movie Shinsha","Drama, Sports",NA,"Shounen","24 min","PG-13 - Teens 13 or older",3001,49157,2481,28,31,"https://myanimelist.net/anime/2921/Ashita_no_Joe_2","https://cdn.myanimelist.net/r/50x70/images/anime/3/45028.jpg?s=bf58ff0c0759f78bf968a74ec535d0d2"
54898,55,"Bungou Stray Dogs 5th Season",NA,8.7,"TV","Manga",11,"Finished Airing",2023-07-12,2023-09-20,70,"Summer","2023","Wedneday","23:00","WOWOW, Lantis, Movic, Glovision, Crunchyroll, Sunrise Music, Kadokawa, Sony Music Solutions, Bandai Namco Music Live",NA,"Bones","Action, Mystery, Supernatural","Adult Cast, Organized Crime, Super Power","Seinen","23 min","R - 17+ (violence & profanity)",1652,128871,1314,12,17,"https://myanimelist.net/anime/54898/Bungou_Stray_Dogs_5th_Season","https://cdn.myanimelist.net/r/50x70/images/anime/1161/136691.jpg?s=7ede85a9ff76ae61cacf9b3320ccc512"
1575,56,"Code Geass: Hangyaku no Lelouch",NA,8.7,"TV","Original",25,"Finished Airing",2006-10-06,2007-07-29,296,"Fall","2006","Friday","01:25","Bandai Visual, Mainichi Broadcasting System, Bandai, Sony Music Entertainment, Bandai Namco Entertainment, Hakuhodo DY Media Partners","Funimation, Bandai Entertainment","Sunrise","Action, Award Winning, Drama, Sci-Fi","Mecha, Military, School, Super Power",NA,"24 min","R - 17+ (violence & profanity)",21,2185330,106642,509,601,"https://myanimelist.net/anime/1575/Code_Geass__Hangyaku_no_Lelouch","https://cdn.myanimelist.net/r/50x70/images/anime/1032/135088.jpg?s=b67496ea440a61c0d7ac14173e0bd6e0"
245,57,"Great Teacher Onizuka","GTO, GTO - The Animation",8.69,"TV","Manga",43,"Finished Airing",1999-06-30,2000-09-17,445,"Summer","1999","Wedneday","19:30","Aniplex, Fuji TV","Discotek Media, Tokyopop","Pierrot",NA,"Delinquents, School, Workplace","Shounen","25 min","R - 17+ (violence & profanity)",218,801267,25713,160,173,"https://myanimelist.net/anime/245/Great_Teacher_Onizuka","https://cdn.myanimelist.net/r/50x70/images/anime/13/11460.jpg?s=7e890b7e93b7b57c2de4aa90211931bd"
21939,58,"Mushishi Zoku Shou","Mushi-shi Zoku Shou, Mushishi: The Next Chapter",8.69,"TV","Manga",10,"Finished Airing",2014-04-05,2014-06-21,77,"Spring","2014","Saturday","00:00","Aniplex, Kodansha, Delfi Sound","Aniplex of America","Artland","Adventure, Mystery, Slice of Life, Supernatural","Adult Cast, Historical, Iyashikei","Seinen","24 min","PG-13 - Teens 13 or older",785,292219,1544,23,27,"https://myanimelist.net/anime/21939/Mushishi_Zoku_Shou","https://cdn.myanimelist.net/r/50x70/images/anime/13/58533.jpg?s=ff40f900ea0877725ccde517b126c531"
45576,59,"Mushoku Tensei: Isekai Ittara Honki Dasu Part 2",NA,8.69,"TV","Light novel",12,"Finished Airing",2021-10-04,2021-12-20,77,"Fall","2021","Monday","00:00","Frontier Works, TOHO animation, Tokyo MX, Hakuhodo DY Music & Pictures, BS11, Egg Firm, Kadokawa, GREE Entertainment","Funimation","Studio Bind","Adventure, Drama, Fantasy, EcchiEcchi","Isekai, Reincarnation",NA,"23 min","R - 17+ (violence & profanity)",198,839581,17912,158,219,"https://myanimelist.net/anime/45576/Mushoku_Tensei__Isekai_Ittara_Honki_Dasu_Part_2","https://cdn.myanimelist.net/r/50x70/images/anime/1028/117777.jpg?s=99ecca20cac2345fc956fda60a5e025f"
44074,60,"Shiguang Dailiren","Shi Guang Dai Li Ren, Time Agents, Jikou Dairinin",8.69,"ONA","Original",11,"Finished Airing",2021-04-30,2021-07-09,70,NA,NA,NA,NA,"bilibili, BeDream","Funimation","LAN Studio","Drama, Supernatural","Adult Cast, Time Travel",NA,"23 min","PG-13 - Teens 13 or older",685,328034,10493,147,159,"https://myanimelist.net/anime/44074/Shiguang_Dailiren","https://cdn.myanimelist.net/r/50x70/images/anime/1135/114867.jpg?s=048f06f7edb150d017394574a108c72c"
46102,61,"Odd Taxi",NA,8.68,"TV","Original",13,"Finished Airing",2021-04-06,2021-06-29,84,"Spring","2021","Tueday","02:00","TV Tokyo, Dentsu, Pony Canyon, AT-X, Crunchyroll, Pony Canyon Enterprises, Yoshimoto Kogyo",NA,"OLM, P.I.C.S.","Award Winning, Mystery",NA,NA,"23 min","PG-13 - Teens 13 or older",541,404926,7851,181,209,"https://myanimelist.net/anime/46102/Odd_Taxi","https://cdn.myanimelist.net/r/50x70/images/anime/1981/113348.jpg?s=38082dbb5a64de5fc2129a59c46c3fe0"
164,62,"Mononoke Hime","Mononoke Hime",8.67,"Movie","Original",1,"Finished Airing",1997-07-12,NA,NA,NA,NA,NA,NA,"Tokuma Shoten, Nippon Television Network","GKIDS","Studio Ghibli","Action, Adventure, Award Winning, Fantasy",NA,NA,"2 hr 13 min","PG-13 - Teens 13 or older",105,1212888,21131,134,154,"https://myanimelist.net/anime/164/Mononoke_Hime","https://cdn.myanimelist.net/r/50x70/images/anime/7/75919.jpg?s=0d877ed9aa60cc49fdb128a2f68386e2"
33050,63,"Fate/stay night Movie: Heaven's Feel - III. Spring Song","Fate/stay night Movie: Heaven's Feel 3",8.67,"Movie","Visual novel",1,"Finished Airing",2020-08-15,NA,NA,NA,NA,NA,NA,"Aniplex, Notes, Kadokawa","Aniplex of America","ufotable","Action, Fantasy, Supernatural",NA,NA,"2 hr 2 min","R - 17+ (violence & profanity)",671,333671,7903,83,107,"https://myanimelist.net/anime/33050/Fate_stay_night_Movie__Heavens_Feel_-_III_Spring_Song","https://cdn.myanimelist.net/r/50x70/images/anime/1142/112957.jpg?s=f0984cb6fcb8188ce26035b0b56de828"
33352,64,"Violet Evergarden",NA,8.67,"TV","Light novel",13,"Finished Airing",2018-01-11,2018-04-05,84,"Winter","2018","Thurday","00:00","Lantis, Pony Canyon, Rakuonsha, ABC Animation","Funimation","Kyoto Animation","Drama, Fantasy",NA,NA,"24 min","PG-13 - Teens 13 or older",49,1712537,59073,597,682,"https://myanimelist.net/anime/33352/Violet_Evergarden","https://cdn.myanimelist.net/r/50x70/images/anime/1795/95088.jpg?s=9e24a139603a4e0ea8ea055a230b54d5"
34599,65,"Made in Abyss",NA,8.66,"TV","Web manga",13,"Finished Airing",2017-07-07,2017-09-29,84,"Summer","2017","Friday","21:30","AT-X, Takeshobo, Sony Music Communications, Kadokawa Media House, Cygames, Kanetsu Investment, Kadokawa, Global Solutions, IRMA LA DOUCE","Sentai Filmworks","Kinema Citrus","Adventure, Drama, Fantasy, Mystery, Sci-Fi","Gore, Survival",NA,"25 min","R - 17+ (violence & profanity)",93,1324874,42819,415,483,"https://myanimelist.net/anime/34599/Made_in_Abyss","https://cdn.myanimelist.net/r/50x70/images/anime/6/86733.jpg?s=56ac623880ec87f3a0197e0391bc12c3"
457,66,"Mushishi",NA,8.66,"TV","Manga",26,"Finished Airing",2005-10-23,2006-06-19,239,"Fall","2005","Sunday","03:40","Avex Entertainment, Marvelous Entertainment, SKY Perfect Well Think, Delfi Sound","Funimation","Artland","Adventure, Mystery, Slice of Life, Supernatural","Adult Cast, Historical, Iyashikei","Seinen","23 min","PG-13 - Teens 13 or older",212,806009,26248,238,261,"https://myanimelist.net/anime/457/Mushishi","https://cdn.myanimelist.net/r/50x70/images/anime/2/73862.jpg?s=d976f75f480430a0c9fde4455696131d"
5258,67,"Hajime no Ippo: New Challenger","Hajime no Ippo New Series, Hajime no Ippo Season II, Hajime no Ippo 2",8.66,"TV","Manga",26,"Finished Airing",2009-01-07,2009-07-01,175,"Winter","2009","Wedneday","01:29","VAP, Kodansha, Nippon Television Network",NA,"Madhouse",NA,NA,"Shounen","23 min","PG-13 - Teens 13 or older",838,274195,1740,18,18,"https://myanimelist.net/anime/5258/Hajime_no_Ippo__New_Challenger","https://cdn.myanimelist.net/r/50x70/images/anime/8/56617.jpg?s=4c8a3a8180c114c3771eb183e5318a0e"
431,68,"Howl no Ugoku Shiro",NA,8.66,"Movie","Novel",1,"Finished Airing",2004-11-20,NA,NA,NA,NA,NA,NA,"d-rights, Tokuma Shoten","Disney Platform Distribution","Studio Ghibli","Adventure, Award Winning, Drama, Fantasy, Romance",NA,NA,"1 hr 59 min","G - All Ages",99,1282818,27620,139,174,"https://myanimelist.net/anime/431/Howl_no_Ugoku_Shiro","https://cdn.myanimelist.net/r/50x70/images/anime/1470/138723.jpg?s=d13efbbaed502aeb220700a4015f287a"
41084,69,"Made in Abyss: Retsujitsu no Ougonkyou",NA,8.65,"TV","Web manga",12,"Finished Airing",2022-07-06,2022-09-28,84,"Summer","2022","Wedneday","22:30","AT-X, Takeshobo, Kadokawa Media House, Cygames, Kadokawa, Global Solutions, Sony Music Solutions, IRMA LA DOUCE","Sentai Filmworks","Kinema Citrus","Adventure, Drama, Fantasy, Mystery, Sci-Fi","Gore, Survival",NA,"25 min","R - 17+ (violence & profanity)",538,406327,5546,64,101,"https://myanimelist.net/anime/41084/Made_in_Abyss__Retsujitsu_no_Ougonkyou","https://cdn.myanimelist.net/r/50x70/images/anime/1864/122519.jpg?s=17612a9ecb307994db4ced0a85774a37"
23273,70,"Shigatsu wa Kimi no Uso","Kimiuso",8.65,"TV","Manga",22,"Finished Airing",2014-10-10,2015-03-20,161,"Fall","2014","Friday","01:20","Aniplex, Dentsu, Kodansha, Fuji TV, Lawson HMV Entertainment, Kyoraku Industrial Holdings, Kansai Telecasting","Aniplex of America","A-1 Pictures","Drama, Romance","Love Polygon, Music, School","Shounen","22 min","PG-13 - Teens 13 or older",24,2146061,84365,897,1063,"https://myanimelist.net/anime/23273/Shigatsu_wa_Kimi_no_Uso","https://cdn.myanimelist.net/r/50x70/images/anime/3/67177.jpg?s=bc267f764bffe825e1e8d60f7185a2e9"
11665,71,"Natsume Yuujinchou Shi","Natsume Yuujinchou Four, Natsume Yuujinchou 4, Natsume Yujincho 4",8.64,"TV","Manga",13,"Finished Airing",2012-01-03,2012-03-27,84,"Winter","2012","Tueday","01:30","TV Tokyo, Aniplex, Nihon Ad Systems, Hakusensha, Sony Music Entertainment","NIS America, Inc.","Brain's Base","Drama, Slice of Life, Supernatural","Iyashikei, Mythology","Shoujo","24 min","PG-13 - Teens 13 or older",961,239468,1980,16,17,"https://myanimelist.net/anime/11665/Natsume_Yuujinchou_Shi","https://cdn.myanimelist.net/r/50x70/images/anime/3/37449.jpg?s=2bb045b3120e6a3a23257bb39689ae30"
40591,72,"Kaguya-sama wa Kokurasetai? Tensai-tachi no Renai Zunousen","Kaguya Wants to be Confessed To: The Geniuses' War of Love and Brains 2nd Season, Kaguya-sama wa Kokurasetai: Tensai-tachi no Renai Zunousen 2nd Season, Kaguya-sama: Love is War 2nd Season",8.64,"TV","Manga",12,"Finished Airing",2020-04-11,2020-06-27,77,"Spring","2020","Saturday","23:30","Aniplex, Mainichi Broadcasting System, Shueisha, JR East Marketing & Communications","Aniplex of America","A-1 Pictures",NA,"Psychological, Romantic Subtext, School","Seinen","24 min","PG-13 - Teens 13 or older",98,1288133,18751,183,211,"https://myanimelist.net/anime/40591/Kaguya-sama_wa_Kokurasetai_Tensai-tachi_no_Renai_Zunousen","https://cdn.myanimelist.net/r/50x70/images/anime/1764/106659.jpg?s=aab19d0f19e345e223dc26542ac3a28f"
28891,73,"Haikyuu!! Second Season","Haikyuu!! Second Season",8.63,"TV","Manga",25,"Finished Airing",2015-10-04,2016-03-27,175,"Fall","2015","Sunday","02:58","Dentsu, Mainichi Broadcasting System, Movic, Sony Music Entertainment, TOHO animation, Shueisha","Sentai Filmworks","Production I.G",NA,"School, Team Sports","Shounen","24 min","PG-13 - Teens 13 or older",86,1384154,15594,69,75,"https://myanimelist.net/anime/28891/Haikyuu_Second_Season","https://cdn.myanimelist.net/r/50x70/images/anime/9/76662.jpg?s=06ccfffc7b27ac5532d268b9934a224a"
40748,74,"Jujutsu Kaisen","Sorcery Fight, JJK",8.63,"TV","Manga",24,"Finished Airing",2020-10-03,2021-03-27,175,"Fall","2020","Saturday","01:25","Mainichi Broadcasting System, TOHO animation, Shueisha, dugout, Sumzap","VIZ Media","MAPPA","Action, Award Winning, Fantasy",NA,"Shounen","23 min","R - 17+ (violence & profanity)",16,2348881,84429,340,450,"https://myanimelist.net/anime/40748/Jujutsu_Kaisen","https://cdn.myanimelist.net/r/50x70/images/anime/1171/109222.jpg?s=f5508bab9e7d610a28f12d1828a6ee79"
2001,75,"Tengen Toppa Gurren Lagann","Tengen Toppa Gurren-Lagann, Making Break-Through Gurren Lagann, Heavenly Breakthrough Gurren Lagann, TTGL, Gurren Laggan",8.63,"TV","Original",27,"Finished Airing",2007-04-01,2007-09-30,182,"Spring","2007","Sunday","08:30","TV Tokyo, Aniplex, Dentsu, Konami, Half H.P Studio, Bandai","ADV Films, Bandai Entertainment, Aniplex of America","Gainax","Action, Adventure, Award Winning, Sci-Fi",NA,NA,"24 min","PG-13 - Teens 13 or older",65,1569767,76811,529,590,"https://myanimelist.net/anime/2001/Tengen_Toppa_Gurren_Lagann","https://cdn.myanimelist.net/r/50x70/images/anime/4/5123.jpg?s=15bb64e0c8b13acfa5d0761308b66f59"
1535,76,"Death Note","DN",8.62,"TV","Manga",37,"Finished Airing",2006-10-04,2007-06-27,266,"Fall","2006","Wedneday","00:56","VAP, Nippon Television Network, Shueisha, D.N. Dream Partners","VIZ Media","Madhouse","Supernatural, Suspense","Detective, Psychological","Shounen","23 min","R - 17+ (violence & profanity)",2,3777801,169983,1121,1242,"https://myanimelist.net/anime/1535/Death_Note","https://cdn.myanimelist.net/r/50x70/images/anime/1079/138100.jpg?s=3e4bd9dab3fbb90bff74e3240e281d23"
36862,77,"Made in Abyss Movie 3: Fukaki Tamashii no Reimei","Gekijouban Made in Abyss: Fukaki Tamashii no Reimei, Made in Abyss: Dawn of the Deep Soul",8.62,"Movie","Web manga",1,"Finished Airing",2020-01-17,NA,NA,NA,NA,NA,NA,"AT-X, Takeshobo, Kadokawa Media House, Cygames, Kanetsu Investment, Kadokawa, Global Solutions, Sony Music Solutions, IRMA LA DOUCE","Sentai Filmworks","Kinema Citrus","Adventure, Drama, Fantasy, Mystery, Sci-Fi","Gore, Survival",NA,"1 hr 45 min","R - 17+ (violence & profanity)",495,437681,3423,75,114,"https://myanimelist.net/anime/36862/Made_in_Abyss_Movie_3__Fukaki_Tamashii_no_Reimei","https://cdn.myanimelist.net/r/50x70/images/anime/1502/110723.jpg?s=371a6b383817649bb1d3468f03522f66"
34591,78,"Natsume Yuujinchou Roku","Natsume Yuujinchou Season 6, Natsume's Book of Friends Six",8.62,"TV","Manga",11,"Finished Airing",2017-04-12,2017-06-21,70,"Spring","2017","Wedneday","01:35","TV Tokyo, Aniplex, Nihon Ad Systems, Hakusensha",NA,"Shuka","Drama, Slice of Life, Supernatural","Iyashikei, Mythology","Shoujo","23 min","PG-13 - Teens 13 or older",1255,181023,1066,20,20,"https://myanimelist.net/anime/34591/Natsume_Yuujinchou_Roku","https://cdn.myanimelist.net/r/50x70/images/anime/6/84416.jpg?s=931f8a6bfc42adf9257eeb7641bad75e"
22135,79,"Ping Pong the Animation","PPTA",8.62,"TV","Manga",11,"Finished Airing",2014-04-11,2014-06-20,70,"Spring","2014","Friday","00:50","Aniplex, Dentsu, Fuji TV, Kyoraku Industrial Holdings","Funimation","Tatsunoko Production","Award Winning, Drama, Sports",NA,"Seinen","23 min","PG-13 - Teens 13 or older",579,381748,15485,180,193,"https://myanimelist.net/anime/22135/Ping_Pong_the_Animation","https://cdn.myanimelist.net/r/50x70/images/anime/10/58041.jpg?s=fbfd98389b5a6f1a27979446e3f07abe"
35760,80,"Shingeki no Kyojin Season 3",NA,8.62,"TV","Manga",12,"Finished Airing",2018-07-23,2018-10-15,84,"Summer","2018","Monday","00:35","Production I.G, Dentsu, Mainichi Broadcasting System, Pony Canyon, Kodansha, Techno Sound, Pony Canyon Enterprises","Funimation","Wit Studio","Action, Drama","Gore, Military, Survival","Shounen","23 min","R - 17+ (violence & profanity)",18,2262621,20066,102,124,"https://myanimelist.net/anime/35760/Shingeki_no_Kyojin_Season_3","https://cdn.myanimelist.net/r/50x70/images/anime/1173/92110.jpg?s=410d006fea0608544e9861a6f261c692"
40456,81,"Kimetsu no Yaiba Movie: Mugen Ressha-hen","Gekijouban Kimetsu no Yaiba: Mugen Ressha-hen, Kimetsu no Yaiba: Infinity Train, Demon Slayer Movie: Infinity Train",8.61,"Movie","Manga",1,"Finished Airing",2020-10-16,NA,NA,NA,NA,NA,NA,"Aniplex, Shueisha","Aniplex of America","ufotable","Action, Fantasy",NA,"Shounen","1 hr 56 min","R - 17+ (violence & profanity)",76,1453620,13014,180,245,"https://myanimelist.net/anime/40456/Kimetsu_no_Yaiba_Movie__Mugen_Ressha-hen","https://cdn.myanimelist.net/r/50x70/images/anime/1704/106947.jpg?s=685b7fa652f5b3df29bd20fc2c8cb32e"
53273,82,"JoJo no Kimyou na Bouken Part 6: Stone Ocean Part 3",NA,8.61,"ONA","Manga",14,"Finished Airing",2022-12-01,NA,NA,NA,NA,NA,NA,"Warner Bros. Japan",NA,"David Production","Action, Adventure, Supernatural",NA,"Shounen","24 min","R - 17+ (violence & profanity)",1330,169769,2665,36,49,"https://myanimelist.net/anime/53273/JoJo_no_Kimyou_na_Bouken_Part_6__Stone_Ocean_Part_3","https://cdn.myanimelist.net/r/50x70/images/anime/1233/128920.jpg?s=1edd57926f956b98645fb547a428c5af"
42310,83,"Cyberpunk: Edgerunners",NA,8.6,"ONA","Game",10,"Finished Airing",2022-09-13,NA,NA,NA,NA,NA,NA,"CD Projekt Red",NA,"Trigger","Action, Sci-Fi","Gore, Psychological",NA,"25 min","R+ - Mild Nudity",307,642000,21655,338,508,"https://myanimelist.net/anime/42310/Cyberpunk__Edgerunners","https://cdn.myanimelist.net/r/50x70/images/anime/1818/126435.jpg?s=7b294f04000f9e4b59fdae558b4b4936"
3786,84,"Evangelion: 3.0+1.0 Thrice Upon a Time","Evangelion: 4.0, Rebuild of Evangelion, Shin Evangelion Gekijouban: ||, Rebuild of Evangelion: Final",8.6,"Movie","Original",1,"Finished Airing",2021-03-08,NA,NA,NA,NA,NA,NA,"None found, add some","GKIDS","Khara","Action, Award Winning, Drama, Sci-Fi, Suspense","Mecha, Psychological",NA,"2 hr 35 min","PG-13 - Teens 13 or older",630,357823,7142,120,196,"https://myanimelist.net/anime/3786/Evangelion__30_10_Thrice_Upon_a_Time","https://cdn.myanimelist.net/r/50x70/images/anime/1422/113533.jpg?s=1e4f4aa0e597b1c1f082779ab9baa2fc"
19647,85,"Hajime no Ippo: Rising","Fighting Spirit: Rising, Hajime no Ippo 3",8.6,"TV","Manga",25,"Finished Airing",2013-10-06,2014-03-30,175,"Fall","2013","Sunday","01:35","VAP, Kodansha, Nippon Television Network",NA,"Madhouse, MAPPA",NA,NA,"Shounen","22 min","PG-13 - Teens 13 or older",931,248197,1235,12,12,"https://myanimelist.net/anime/19647/Hajime_no_Ippo__Rising","https://cdn.myanimelist.net/r/50x70/images/anime/6/56147.jpg?s=7e50339d044aed8909d36bb9afa331d3"
7311,86,"Suzumiya Haruhi no Shoushitsu","The Vanishment of Haruhi Suzumiya, Suzumiya Haruhi no Syoshitsu, Haruhi Movie",8.6,"Movie","Light novel",1,"Finished Airing",2010-02-06,NA,NA,NA,NA,NA,NA,"Kadokawa Shoten, Animation Do","Funimation, Bandai Entertainment","Kyoto Animation","Award Winning, Mystery, Sci-Fi, Supernatural",NA,NA,"2 hr 41 min","PG-13 - Teens 13 or older",344,596775,13331,160,162,"https://myanimelist.net/anime/7311/Suzumiya_Haruhi_no_Shoushitsu","https://cdn.myanimelist.net/r/50x70/images/anime/1248/112352.jpg?s=e62fda44bb62e1b938570096c39f9d05"
38329,87,"Seishun Buta Yarou wa Yumemiru Shoujo no Yume wo Minai",NA,8.6,"Movie","Light novel",1,"Finished Airing",2019-06-15,NA,NA,NA,NA,NA,NA,"Aniplex, Tokyo MX, Hakuhodo DY Music & Pictures, Nagoya Broadcasting Network, BS11, ABC Animation, Kadokawa","Aniplex of America","CloverWorks","Drama, Romance, Supernatural",NA,NA,"1 hr 30 min","PG-13 - Teens 13 or older",279,681498,10073,124,155,"https://myanimelist.net/anime/38329/Seishun_Buta_Yarou_wa_Yumemiru_Shoujo_no_Yume_wo_Minai","https://cdn.myanimelist.net/r/50x70/images/anime/1613/102179.jpg?s=9b762a892eac987081bada93be8d3bdc"
28957,88,"Mushishi Zoku Shou: Suzu no Shizuku","Mushishi Tokubetsu-hen: Suzu no Shizuku, Mushishi: The Next Chapter - Drops of Bells",8.59,"Movie","Manga",1,"Finished Airing",2015-05-16,NA,NA,NA,NA,NA,NA,"Aniplex, Kodansha, Delfi Sound",NA,"Artland","Adventure, Mystery, Slice of Life, Supernatural","Adult Cast, Historical, Iyashikei","Seinen","47 min","PG-13 - Teens 13 or older",1688,124993,214,8,9,"https://myanimelist.net/anime/28957/Mushishi_Zoku_Shou__Suzu_no_Shizuku","https://cdn.myanimelist.net/r/50x70/images/anime/9/72689.jpg?s=58cb067cc48352b42e376589c0b4dfcc"
37991,89,"JoJo no Kimyou na Bouken Part 5: Ougon no Kaze","JoJo's Bizarre Adventure Part 5: Golden Wind, JoJo no Kimyou na Bouken Part 5: Ougon no Kaze, Le Bizzarre Avventure Di GioGio Parte 5: Vento Aureo",8.58,"TV","Manga",39,"Finished Airing",2018-10-06,2019-07-28,295,"Fall","2018","Saturday","01:05","Warner Bros. Japan","VIZ Media","David Production","Action, Adventure, Supernatural",NA,"Shounen","23 min","R - 17+ (violence & profanity)",153,981478,30979,119,153,"https://myanimelist.net/anime/37991/JoJo_no_Kimyou_na_Bouken_Part_5__Ougon_no_Kaze","https://cdn.myanimelist.net/r/50x70/images/anime/1572/95010.jpg?s=88db8e76960fce4e7aaa69f71cfbb4cb"
50265,90,"Spy x Family",NA,8.58,"TV","Manga",12,"Finished Airing",2022-04-09,2022-06-25,77,"Spring","2022","Saturday","23:00","TV Tokyo, Shogakukan-Shueisha Productions, TOHO animation, Shueisha","Funimation","Wit Studio, CloverWorks","Action, Award Winning, Comedy",NA,"Shounen","24 min","PG-13 - Teens 13 or older",80,1419121,38136,270,331,"https://myanimelist.net/anime/50265/Spy_x_Family","https://cdn.myanimelist.net/r/50x70/images/anime/1441/122795.jpg?s=ba5838dcfffe4a5cd4988e09d8436c79"
4565,91,"Tengen Toppa Gurren Lagann Movie 2: Lagann-hen","Tengen Toppa Gurren Lagann Movie 2",8.57,"Movie","Original",1,"Finished Airing",2009-04-22,NA,NA,NA,NA,NA,NA,"Aniplex","Aniplex of America","Gainax","Action, Sci-Fi","Mecha, Space, Super Power",NA,"2 hr 5 min","R+ - Mild Nudity",1098,210137,964,21,22,"https://myanimelist.net/anime/4565/Tengen_Toppa_Gurren_Lagann_Movie_2__Lagann-hen","https://cdn.myanimelist.net/r/50x70/images/anime/12/19698.jpg?s=1be69978bb463a9b8284565cbf1bfb2f"
33,92,"Kenpuu Denki Berserk","Berserk: The Chronicles of Wind Blades, Sword-Wind Chronicle Berserk",8.57,"TV","Manga",25,"Finished Airing",1997-10-08,1998-04-01,175,"Fall","1997","Wedneday","01:45","VAP, Hakusensha, Nippon Television Network",NA,"OLM","Action, Adventure, Drama, Fantasy, Horror","Gore, Military","Seinen","25 min","R+ - Mild Nudity",324,626109,26300,221,246,"https://myanimelist.net/anime/33/Kenpuu_Denki_Berserk","https://cdn.myanimelist.net/r/50x70/images/anime/1384/119988.jpg?s=9260c7baa7b55d81d9f6375b55a803e6"
31757,93,"Kizumonogatari II: Nekketsu-hen","Koyomi Vamp, Kizumonogatari Part 2",8.57,"Movie","Light novel",1,"Finished Airing",2016-08-19,NA,NA,NA,NA,NA,NA,"Aniplex, Kodansha","Aniplex of America","Shaft","Action, Mystery, Supernatural",NA,NA,"1 hr 4 min","R - 17+ (violence & profanity)",499,432146,2305,26,34,"https://myanimelist.net/anime/31757/Kizumonogatari_II__Nekketsu-hen","https://cdn.myanimelist.net/r/50x70/images/anime/1981/112812.jpg?s=be1337b450cee892a1083242c5e526c2"
32983,94,"Natsume Yuujinchou Go","Natsume Yuujinchou Season 5, Natsume's Book of Friends Five",8.57,"TV","Manga",11,"Finished Airing",2016-10-05,2016-12-21,77,"Fall","2016","Wedneday","01:35","TV Tokyo, Aniplex, Nihon Ad Systems, Hakusensha",NA,"Shuka","Drama, Slice of Life, Supernatural","Iyashikei, Mythology","Shoujo","23 min","PG-13 - Teens 13 or older",1260,180232,810,7,8,"https://myanimelist.net/anime/32983/Natsume_Yuujinchou_Go","https://cdn.myanimelist.net/r/50x70/images/anime/11/81755.jpg?s=54d7dafe4652b04b40d97d5d6d97d18d"
10379,95,"Natsume Yuujinchou San","Natsume Yuujinchou Three, Natsume Yuujinchou 3, Natsume Yujincho 3",8.57,"TV","Manga",13,"Finished Airing",2011-07-05,2011-09-27,84,"Summer","2011","Tueday","01:30","Aniplex, Sakura Create","NIS America, Inc.","Brain's Base","Drama, Slice of Life, Supernatural","Iyashikei, Mythology","Shoujo","24 min","PG-13 - Teens 13 or older",935,246798,1392,14,15,"https://myanimelist.net/anime/10379/Natsume_Yuujinchou_San","https://cdn.myanimelist.net/r/50x70/images/anime/8/82394.jpg?s=f3bc38aa1e6c10580687828856d8dc28"
12355,96,"Ookami Kodomo no Ame to Yuki","The Wolf Children Ame and Yuki",8.57,"Movie","Original",1,"Finished Airing",2012-07-21,NA,NA,NA,NA,NA,NA,"Madhouse, VAP, Dentsu, Yomiuri Telecasting, Kadokawa Shoten, TOHO, Hiroshima Television","Funimation","Studio Chizu","Award Winning, Fantasy, Slice of Life",NA,NA,"1 hr 57 min","PG-13 - Teens 13 or older",224,794599,11218,204,233,"https://myanimelist.net/anime/12355/Ookami_Kodomo_no_Ame_to_Yuki","https://cdn.myanimelist.net/r/50x70/images/anime/9/35721.jpg?s=3cb7f7062c2ef1c69ab18d7e3c04af2b"
28735,97,"Shouwa Genroku Rakugo Shinjuu","Showa and Genroku Era Lover's Suicide Through Rakugo",8.57,"TV","Manga",13,"Finished Airing",2016-01-09,2016-04-02,84,"Winter","2016","Saturday","02:25","Starchild Records, Mainichi Broadcasting System, Kodansha, DAX Production",NA,"Studio Deen",NA,"Historical, Love Polygon, Performing Arts","Josei","26 min","PG-13 - Teens 13 or older",812,284998,5763,81,86,"https://myanimelist.net/anime/28735/Shouwa_Genroku_Rakugo_Shinjuu","https://cdn.myanimelist.net/r/50x70/images/anime/1354/124768.jpg?s=43c2faea5a0fef34fb80dfd028ec808e"
7785,98,"Yojouhan Shinwa Taikei","Yojo-Han Shinwa Taikei, Yojou-Han Shinwa Taikei, Yojohan Shinwa Taikei",8.56,"TV","Novel",11,"Finished Airing",2010-04-23,2010-07-02,70,"Spring","2010","Friday","00:45","Dentsu, Kadokawa Shoten, Fuji TV, TOHO, Asmik Ace, Tohokushinsha Film Corporation, Sony Music Entertainment, Fujipacific Music","Funimation","Madhouse","Award Winning, Comedy, Mystery, Romance","Psychological, Time Travel",NA,"22 min","R - 17+ (violence & profanity)",496,437212,17897,165,192,"https://myanimelist.net/anime/7785/Yojouhan_Shinwa_Taikei","https://cdn.myanimelist.net/r/50x70/images/anime/1633/123689.jpg?s=6d15cd9c92692a0972c789132792888c"
36098,99,"Kimi no Suizou wo Tabetai","KimiSui, Let Me Eat Your Pancreas",8.55,"Movie","Novel",1,"Finished Airing",2018-09-01,NA,NA,NA,NA,NA,NA,"Aniplex, ABC Animation","Aniplex of America","Studio VOLN","Drama, Romance",NA,NA,"1 hr 48 min","PG-13 - Teens 13 or older",165,921250,19979,223,280,"https://myanimelist.net/anime/36098/Kimi_no_Suizou_wo_Tabetai","https://cdn.myanimelist.net/r/50x70/images/anime/1768/93291.jpg?s=9511a058515d30808733fff309b97756"
32,100,"Neon Genesis Evangelion: The End of Evangelion","Shinseiki Evangelion Gekijouban: The End of Evangelion",8.55,"Movie","Original",1,"Finished Airing",1997-07-19,NA,NA,NA,NA,NA,NA,"TV Tokyo, Toei Animation, Kadokawa Shoten, Movic, Sega, TV Tokyo Music, King Records, Audio Tanaka","GKIDS","Gainax, Production I.G","Avant Garde, Drama, Sci-Fi","Mecha, Psychological",NA,"1 hr 26 min","R+ - Mild Nudity",176,899805,27992,162,211,"https://myanimelist.net/anime/32/Neon_Genesis_Evangelion__The_End_of_Evangelion","https://cdn.myanimelist.net/r/50x70/images/anime/1404/98182.jpg?s=890ec3587370861a797eb6b38b2ef21a"
40664,101,"Shoujo☆Kageki Revue Starlight Movie",NA,8.55,"Movie","Original",1,"Finished Airing",2021-06-04,NA,NA,NA,NA,NA,NA,"Bushiroad","Sentai Filmworks","Kinema Citrus",NA,"Music, Performing Arts, School",NA,"2 hr","PG-13 - Teens 13 or older",4948,17411,739,16,18,"https://myanimelist.net/anime/40664/Shoujo☆Kageki_Revue_Starlight_Movie","https://cdn.myanimelist.net/r/50x70/images/anime/1655/114440.jpg?s=ab83f4bf2fe34fb7e5b3f677456f6874"
44511,102,"Chainsaw Man",NA,8.55,"TV","Manga",12,"Finished Airing",2022-10-12,2022-12-28,77,"Fall","2022","Wedneday","00:00","None found, add some",NA,"MAPPA","Action, Fantasy",NA,"Shounen","24 min","R - 17+ (violence & profanity)",90,1362631,43705,236,373,"https://myanimelist.net/anime/44511/Chainsaw_Man","https://cdn.myanimelist.net/r/50x70/images/anime/1806/126216.jpg?s=8e4d9184579f166e9adff4987b274192"
11741,103,"Fate/Zero 2nd Season","Fate/Zero Second Season",8.55,"TV","Light novel",12,"Finished Airing",2012-04-08,2012-06-24,77,"Spring","2012","Sunday","00:00","Aniplex, Nitroplus, Seikaisha, Notes","Aniplex of America","ufotable","Action, Fantasy, Supernatural",NA,NA,"24 min","R - 17+ (violence & profanity)",130,1090367,20248,134,148,"https://myanimelist.net/anime/11741/Fate_Zero_2nd_Season","https://cdn.myanimelist.net/r/50x70/images/anime/1522/117645.jpg?s=e54dcf99dc0874bc5b228ebe8496c857"
40417,104,"Fruits Basket 2nd Season","Fruits Basket (2019) 2nd Season, Furuba, Fruits Basket (Kouhen)",8.55,"TV","Manga",25,"Finished Airing",2020-04-07,2020-09-22,168,"Spring","2020","Tueday","01:30","TV Tokyo, TV Osaka, Nihon Ad Systems, Hakusensha, Avex Pictures, TMS Music, 8PAN","Funimation","TMS Entertainment","Drama, Romance, Supernatural",NA,"Shoujo","23 min","PG-13 - Teens 13 or older",438,485027,5858,51,65,"https://myanimelist.net/anime/40417/Fruits_Basket_2nd_Season","https://cdn.myanimelist.net/r/50x70/images/anime/1972/111635.jpg?s=9f6f5fa524e70efe80167f14f18b9163"
40776,105,"Haikyuu!! To the Top Part 2","Haikyu!! TO THE TOP 2nd-cour, Haikyu!! TO THE TOP Part 2",8.55,"TV","Manga",12,"Finished Airing",2020-10-03,2020-12-19,77,"Fall","2020","Saturday","02:25","Dentsu, Mainichi Broadcasting System, Movic, Sony Music Entertainment, TOHO animation, Shueisha","Sentai Filmworks","Production I.G",NA,"School, Team Sports","Shounen","23 min","PG-13 - Teens 13 or older",234,776705,5989,56,86,"https://myanimelist.net/anime/40776/Haikyuu_To_the_Top_Part_2","https://cdn.myanimelist.net/r/50x70/images/anime/1453/106768.jpg?s=08662a9ed32a8637dbdfa92f67949078"
5300,106,"Zoku Natsume Yuujinchou","Natsume Yuujinchou Two, Natsume Yuujinchou 2, Natsume Yujincho 2",8.54,"TV","Manga",13,"Finished Airing",2009-01-06,2009-03-31,84,"Winter","2009","Tueday","01:00","Aniplex, Nihon Ad Systems","NIS America, Inc.","Brain's Base","Drama, Slice of Life, Supernatural","Iyashikei, Mythology","Shoujo","24 min","PG-13 - Teens 13 or older",947,242825,1432,21,22,"https://myanimelist.net/anime/5300/Zoku_Natsume_Yuujinchou","https://cdn.myanimelist.net/r/50x70/images/anime/4/79738.jpg?s=dbd5bb99becb12fa6d689196afefa1ff"
877,107,"Nana",NA,8.54,"TV","Manga",47,"Finished Airing",2006-04-05,2007-03-28,357,"Spring","2006","Wedneday","23:25","VAP, Nippon Television Network, Shueisha","VIZ Media, Sentai Filmworks","Madhouse","Drama, Romance","Adult Cast, Love Polygon, Music","Shoujo","23 min","R+ - Mild Nudity",313,635311,28130,233,255,"https://myanimelist.net/anime/877/Nana","https://cdn.myanimelist.net/r/50x70/images/anime/2/11232.jpg?s=fdcbc61fd7e6407fe3810192a1684acd"
437,108,"Perfect Blue",NA,8.54,"Movie","Novel",1,"Finished Airing",1998-02-28,NA,NA,NA,NA,NA,NA,"Rex Entertainment","GKIDS","Madhouse, ONIRO","Avant Garde, Drama, Horror","Adult Cast, Psychological, Showbiz",NA,"1 hr 21 min","R+ - Mild Nudity",287,674467,18395,163,185,"https://myanimelist.net/anime/437/Perfect_Blue","https://cdn.myanimelist.net/r/50x70/images/anime/1254/134212.jpg?s=7dfea9c50cf4f2f36f8dc71fdd55d943"
16498,109,"Shingeki no Kyojin","AoT, SnK",8.54,"TV","Manga",25,"Finished Airing",2013-04-07,2013-09-29,175,"Spring","2013","Sunday","01:58","Production I.G, Dentsu, Mainichi Broadcasting System, Pony Canyon, Kodansha, Mad Box, Pony Canyon Enterprises","Funimation","Wit Studio","Action, Award Winning, Drama, Suspense","Gore, Military, Survival","Shounen","24 min","R - 17+ (violence & profanity)",1,3810199,166206,698,877,"https://myanimelist.net/anime/16498/Shingeki_no_Kyojin","https://cdn.myanimelist.net/r/50x70/images/anime/10/47347.jpg?s=29949c6e892df123f0b0563e836d3d98"
170,110,"Slam Dunk",NA,8.54,"TV","Manga",101,"Finished Airing",1993-10-16,1996-03-23,889,"Fall","1993","Unknown",NA,"TV Asahi","Geneon Entertainment USA","Toei Animation",NA,"School, Team Sports","Shounen","23 min","PG-13 - Teens 13 or older",800,289908,7063,44,56,"https://myanimelist.net/anime/170/Slam_Dunk","https://cdn.myanimelist.net/r/50x70/images/anime/12/86890.jpg?s=bfc7954502569ff5c4d3533dcde8230f"
21329,111,"Mushishi: Hihamukage","Mushi-shi Tokubetsu-hen: Hihamu Kage, Mushishi Special: Hihamukage",8.53,"Special","Manga",1,"Finished Airing",2014-01-04,NA,NA,NA,NA,NA,NA,"Aniplex, Kodansha, Delfi Sound",NA,"Artland","Adventure, Mystery, Slice of Life, Supernatural","Adult Cast, Historical, Iyashikei","Seinen","45 min","PG-13 - Teens 13 or older",1584,135512,183,12,13,"https://myanimelist.net/anime/21329/Mushishi__Hihamukage","https://cdn.myanimelist.net/r/50x70/images/anime/10/59315.jpg?s=a45594e7790d4a09b63722ca901cff1c"
40834,112,"Ousama Ranking","King Ranking",8.53,"TV","Web manga",23,"Finished Airing",2021-10-15,2022-03-25,161,"Fall","2021","Friday","00:55","Aniplex, Dentsu, Fuji TV, Kadokawa, Bandai Spirits","Funimation","Wit Studio","Adventure, Fantasy",NA,NA,"22 min","PG-13 - Teens 13 or older",340,601324,12269,174,232,"https://myanimelist.net/anime/40834/Ousama_Ranking","https://cdn.myanimelist.net/r/50x70/images/anime/1347/117616.jpg?s=1fc7d9cfcad3dfca1cee2e11b5b74ef4"
12365,113,"Bakuman. 3rd Season","Bakuman Season 3",8.53,"TV","Manga",25,"Finished Airing",2012-10-06,2013-03-30,175,"Fall","2012","Unknown",NA,"NHK, Shueisha",NA,"J.C.Staff","Comedy, Drama, Romance",NA,"Shounen","24 min","PG-13 - Teens 13 or older",699,324251,2935,48,53,"https://myanimelist.net/anime/12365/Bakuman_3rd_Season","https://cdn.myanimelist.net/r/50x70/images/anime/6/41845.jpg?s=3e8c09dddfce41e17d602c0cd81875e1"
30484,114,"Steins;Gate 0","Steins,Gate Zero",8.53,"TV","Visual novel",23,"Finished Airing",2018-04-12,2018-09-27,168,"Spring","2018","Thurday","01:35","Frontier Works, Movic, Kadokawa","Funimation","White Fox","Drama, Sci-Fi, Suspense",NA,NA,"23 min","PG-13 - Teens 13 or older",193,844915,11556,131,184,"https://myanimelist.net/anime/30484/Steins_Gate_0","https://cdn.myanimelist.net/r/50x70/images/anime/1375/93521.jpg?s=d4b7e6cbc3f675048b0f1e33adefe445"
38474,115,"Yuru Camp△ Season 2","Yuru Camp 2nd Season, Yurukyan",8.53,"TV","Manga",13,"Finished Airing",2021-01-07,2021-04-01,84,"Winter","2021","Thurday","23:00","Half H.P Studio, MAGES., DeNA",NA,"C-Station",NA,"CGDCT, Iyashikei",NA,"23 min","PG-13 - Teens 13 or older",1088,211416,2953,55,59,"https://myanimelist.net/anime/38474/Yuru_Camp△_Season_2","https://cdn.myanimelist.net/r/50x70/images/anime/1255/110636.jpg?s=2b6005aafc62e746b64d224e60a5a8b4"
4282,116,"Kara no Kyoukai Movie 5: Mujun Rasen","Kara no Kyoukai: The Garden of Sinners Movie 5, Borderline of Emptiness: Paradox Spiral, The Garden of Sinners: Paradox Paradigm",8.52,"Movie","Light novel",1,"Finished Airing",2008-08-16,NA,NA,NA,NA,NA,NA,"Notes","Aniplex of America","ufotable","Action, Drama, Mystery, Romance, Supernatural, Suspense",NA,NA,"1 hr 54 min","R - 17+ (violence & profanity)",987,233759,4548,29,33,"https://myanimelist.net/anime/4282/Kara_no_Kyoukai_Movie_5__Mujun_Rasen","https://cdn.myanimelist.net/r/50x70/images/anime/1574/112838.jpg?s=58d26fa18ddfe934b6795cf787d418b9"
801,117,"Koukaku Kidoutai: Stand Alone Complex 2nd GIG","Ghost In The Shell S.A.C. 2nd GIG",8.52,"TV","Manga",26,"Finished Airing",2004-01-01,2005-01-08,373,"Winter","2004","Unknown",NA,"Bandai Visual, Dentsu, Victor Entertainment, Kodansha, Tokuma Shoten, Nippon Television Network","Bandai Entertainment, Manga Entertainment","Production I.G","Action, Mystery, Sci-Fi","Adult Cast, Detective, Mecha, Military","Seinen","25 min","R - 17+ (violence & profanity)",1034,223051,3118,20,27,"https://myanimelist.net/anime/801/Koukaku_Kidoutai__Stand_Alone_Complex_2nd_GIG","https://cdn.myanimelist.net/r/50x70/images/anime/1646/135390.jpg?s=7e946d0e4d47a6784da3336c4977b6d5"
35839,118,"Sora yori mo Tooi Basho","Uchuu yori mo Tooi Basho, A Story That Leads to the Antarctica, Yorimoi",8.52,"TV","Original",13,"Finished Airing",2018-01-02,2018-03-27,84,"Winter","2018","Tueday","20:30","Movic, AT-X, Sony Music Communications, Docomo Anime Store, Kadokawa Media House, Kadokawa, NewGin, Crunchyroll SC Anime Fund",NA,"Madhouse","Adventure, Comedy, Drama",NA,NA,"23 min","PG-13 - Teens 13 or older",432,487958,13744,228,246,"https://myanimelist.net/anime/35839/Sora_yori_mo_Tooi_Basho","https://cdn.myanimelist.net/r/50x70/images/anime/6/89879.jpg?s=273f1505d409ac20eed3e0c255a2f903"
7472,119,"Gintama Movie 1: Shinyaku Benizakura-hen","Gintama: Benizakura Arc - A New Retelling, Gintama Movie: Crimson Sakura Chapter New Edition, Gintama: Shin-yaku Benizakura-hen",8.52,"Movie","Manga",1,"Finished Airing",2010-04-24,NA,NA,NA,NA,NA,NA,"TV Tokyo, Aniplex, Dentsu, Bandai, Warner Bros. Japan, Shueisha","Sentai Filmworks","Sunrise","Action, Comedy, Sci-Fi","Historical, Parody, Samurai","Shounen","1 hr 35 min","R - 17+ (violence & profanity)",1394,159799,598,17,22,"https://myanimelist.net/anime/7472/Gintama_Movie_1__Shinyaku_Benizakura-hen","https://cdn.myanimelist.net/r/50x70/images/anime/4/28803.jpg?s=1a07403e7ad052636b75f341dc5d2b73"
35843,120,"Gintama.: Porori-hen",NA,8.52,"TV","Manga",13,"Finished Airing",2017-10-02,2017-12-25,84,"Fall","2017","Monday","01:35","TV Tokyo, Aniplex, Dentsu, Shueisha",NA,"Bandai Namco Pictures","Action, Comedy, Sci-Fi","Gag Humor, Historical, Parody, Samurai","Shounen","23 min","PG-13 - Teens 13 or older",1167,195060,888,19,21,"https://myanimelist.net/anime/35843/Gintama__Porori-hen","https://cdn.myanimelist.net/r/50x70/images/anime/11/88325.jpg?s=01d05bdfad24f28a33faa4c5177eb02f"
578,121,"Hotaru no Haka","Tombstone for Fireflies",8.51,"Movie","Novel",1,"Finished Airing",1988-04-16,NA,NA,NA,NA,NA,NA,"None found, add some","ADV Films, Central Park Media, Sentai Filmworks","Studio Ghibli",NA,NA,NA,"1 hr 28 min","PG-13 - Teens 13 or older",300,651603,7794,151,184,"https://myanimelist.net/anime/578/Hotaru_no_Haka","https://cdn.myanimelist.net/r/50x70/images/anime/7/75808.jpg?s=ced3a39f507fbd93b4f63edd9d1650b8"
37779,122,"Yakusoku no Neverland",NA,8.51,"TV","Manga",12,"Finished Airing",2019-01-10,2019-03-29,78,"Winter","2019","Friday","00:55","Aniplex, Dentsu, Fuji TV, Shueisha, CA-Cygames Anime Fund","Aniplex of America","CloverWorks","Fantasy, Mystery, Sci-Fi, Suspense","Psychological, Survival","Shounen","22 min","R - 17+ (violence & profanity)",37,1902136,32322,302,351,"https://myanimelist.net/anime/37779/Yakusoku_no_Neverland","https://cdn.myanimelist.net/r/50x70/images/anime/1830/118780.jpg?s=4e8a1b5b13b15d3c9172d53e3aad887b"
205,123,"Samurai Champloo","SAMURAI CHAMPLOO",8.51,"TV","Original",26,"Finished Airing",2004-05-20,2005-03-19,303,"Spring","2004","Saturday","10:30","Victor Entertainment, Fuji TV, Barnum Studio, Tokuma Shoten, flying DOG","Funimation, Geneon Entertainment USA","Manglobe","Action, Adventure, Comedy","Historical, Samurai",NA,"24 min","R - 17+ (violence & profanity)",107,1205487,36841,270,295,"https://myanimelist.net/anime/205/Samurai_Champloo","https://cdn.myanimelist.net/r/50x70/images/anime/1375/121599.jpg?s=690d61d9517bcc79a007c21f1e9b58e8"
25777,124,"Shingeki no Kyojin Season 2",NA,8.51,"TV","Manga",12,"Finished Airing",2017-04-01,2017-06-17,77,"Spring","2017","Saturday","22:00","Production I.G, Dentsu, Mainichi Broadcasting System, Pony Canyon, Kodansha, Techno Sound, Pony Canyon Enterprises","Funimation","Wit Studio","Action, Drama, Suspense","Gore, Military, Survival","Shounen","24 min","R - 17+ (violence & profanity)",12,2616902,21093,163,205,"https://myanimelist.net/anime/25777/Shingeki_no_Kyojin_Season_2","https://cdn.myanimelist.net/r/50x70/images/anime/4/84177.jpg?s=74f2f396ab23eee08691546aaa2c6fad"
49722,125,"Karakai Jouzu no Takagi-san Movie",NA,8.5,"Movie","Manga",1,"Finished Airing",2022-06-10,NA,NA,NA,NA,NA,NA,"TOHO animation","Sentai Filmworks","Shin-Ei Animation",NA,"Romantic Subtext, School","Shounen","1 hr 13 min","PG-13 - Teens 13 or older",2583,65191,675,12,17,"https://myanimelist.net/anime/49722/Karakai_Jouzu_no_Takagi-san_Movie","https://cdn.myanimelist.net/r/50x70/images/anime/1376/123398.jpg?s=603a44ecfc3df15b5d32a61f37c8abcc"
30276,126,"One Punch Man","One Punch-Man, One-Punch Man, OPM",8.5,"TV","Web manga",12,"Finished Airing",2015-10-05,2015-12-21,77,"Fall","2015","Monday","01:05","TV Tokyo, Bandai Visual, Lantis, Asatsu DK, Banpresto, Good Smile Company, Shueisha, JR East Marketing & Communications","VIZ Media","Madhouse","Action, Comedy","Adult Cast, Parody, Super Power","Seinen","24 min","R - 17+ (violence & profanity)",4,3112209,63122,432,508,"https://myanimelist.net/anime/30276/One_Punch_Man","https://cdn.myanimelist.net/r/50x70/images/anime/12/76049.jpg?s=40b6c7dbbbb94c44675116d301150078"
31933,127,"JoJo no Kimyou na Bouken Part 4: Diamond wa Kudakenai","JoJo no Kimyou na Bouken Part 4: Diamond wa Kudakenai, Diamond is not Crash",8.5,"TV","Manga",39,"Finished Airing",2016-04-02,2016-12-24,266,"Spring","2016","Saturday","00:30","Warner Bros. Japan","VIZ Media","David Production","Action, Adventure, Supernatural",NA,"Shounen","23 min","R - 17+ (violence & profanity)",131,1080279,38638,123,139,"https://myanimelist.net/anime/31933/JoJo_no_Kimyou_na_Bouken_Part_4__Diamond_wa_Kudakenai","https://cdn.myanimelist.net/r/50x70/images/anime/3/79156.jpg?s=9189ddeb4a702d774b985fe16f315a81"
47194,128,"Summertime Render",NA,8.5,"TV","Manga",25,"Finished Airing",2022-04-15,2022-09-30,168,"Spring","2022","Friday","00:00","Shogakukan-Shueisha Productions, Movic, MAGES., Tokyo MX, Shueisha, Toy's Factory, Bandai Spirits",NA,"OLM","Mystery, Supernatural, Suspense",NA,"Shounen","23 min","R - 17+ (violence & profanity)",450,473876,7992,122,165,"https://myanimelist.net/anime/47194/Summertime_Render","https://cdn.myanimelist.net/r/50x70/images/anime/1120/120796.jpg?s=a52ff27a36d2c027953221d2627c898e"
12431,129,"Uchuu Kyoudai","Uchuu Kyodai",8.49,"TV","Manga",99,"Finished Airing",2012-04-01,2014-03-22,720,"Spring","2012","Sunday","07:00","Yomiuri Telecasting, Trinity Sound","Sentai Filmworks","A-1 Pictures","Comedy, Sci-Fi","Adult Cast, Space, Workplace","Seinen","24 min","PG-13 - Teens 13 or older",1198,189540,3819,57,62,"https://myanimelist.net/anime/12431/Uchuu_Kyoudai","https://cdn.myanimelist.net/r/50x70/images/anime/1290/135694.jpg?s=2883be9b92f1324837154a37c3fbfd2f"
38000,130,"Kimetsu no Yaiba","Blade of Demon Destruction",8.49,"TV","Manga",26,"Finished Airing",2019-04-06,2019-09-28,175,"Spring","2019","Saturday","23:30","Aniplex, Shueisha","Aniplex of America","ufotable","Action, Award Winning, Fantasy",NA,"Shounen","23 min","R - 17+ (violence & profanity)",7,2888282,90126,468,714,"https://myanimelist.net/anime/38000/Kimetsu_no_Yaiba","https://cdn.myanimelist.net/r/50x70/images/anime/1286/99889.jpg?s=e497d08bef31ae412e314b90a54acfda"
32182,131,"Mob Psycho 100","Mob Psycho Hyaku, Mob Psycho One Hundred",8.49,"TV","Web manga",12,"Finished Airing",2016-07-11,2016-09-27,78,"Summer","2016","Tueday","00:00","Warner Bros. Japan, KlockWorx, BS Fuji, Hakuhodo DY Music & Pictures, Shogakukan","Funimation, Crunchyroll","Bones","Action, Comedy, Supernatural",NA,NA,"24 min","PG-13 - Teens 13 or older",32,1996766,46360,218,244,"https://myanimelist.net/anime/32182/Mob_Psycho_100","https://cdn.myanimelist.net/r/50x70/images/anime/8/80356.jpg?s=1d7f8902c64d166b821e50ea68267c2a"
30654,132,"Ansatsu Kyoushitsu 2nd Season","Ansatsu Kyoushitsu Season 2, Ansatsu Kyoushitsu Final Season",8.49,"TV","Manga",25,"Finished Airing",2016-01-08,2016-07-01,175,"Winter","2016","Friday","01:25","Dentsu, Studio Hibari, Fuji TV, DAX Production, Avex Pictures, Shueisha, Kansai Telecasting","Funimation","Lerche","Action, Comedy",NA,"Shounen","23 min","PG-13 - Teens 13 or older",85,1386020,17373,182,194,"https://myanimelist.net/anime/30654/Ansatsu_Kyoushitsu_2nd_Season","https://cdn.myanimelist.net/r/50x70/images/anime/8/77966.jpg?s=4161bf9d25a2816af9642ead2cd3a831"
33049,133,"Fate/stay night Movie: Heaven's Feel - II. Lost Butterfly","Fate/stay night Movie: Heaven's Feel 2",8.49,"Movie","Visual novel",1,"Finished Airing",2019-01-12,NA,NA,NA,NA,NA,NA,"Aniplex, Notes, Kadokawa","Aniplex of America","ufotable","Action, Fantasy, Supernatural",NA,NA,"1 hr 57 min","R - 17+ (violence & profanity)",595,373903,3424,52,61,"https://myanimelist.net/anime/33049/Fate_stay_night_Movie__Heavens_Feel_-_II_Lost_Butterfly","https://cdn.myanimelist.net/r/50x70/images/anime/1974/98158.jpg?s=ec1b1ac07bd5fcd166381a293ae7dbee"
3297,134,"Aria the Origination","Aria Season 3",8.48,"TV","Manga",13,"Finished Airing",2008-01-08,2008-04-01,84,"Winter","2008","Tueday","02:00","Production I.G, TV Tokyo, Media Factory, Shochiku, Mag Garden","Nozomi Entertainment","Hal Film Maker","Fantasy, Sci-Fi, Slice of Life",NA,"Shounen","24 min","G - All Ages",1682,125592,4091,54,58,"https://myanimelist.net/anime/3297/Aria_the_Origination","https://cdn.myanimelist.net/r/50x70/images/anime/1394/129606.jpg?s=40be9ddec07ac7f8c452e436a2992771"
36649,135,"Banana Fish",NA,8.48,"TV","Manga",24,"Finished Airing",2018-07-06,2018-12-21,168,"Summer","2018","Friday","00:55","Aniplex, Dentsu, Movic, Fuji TV, Shogakukan",NA,"MAPPA","Action, Adventure, Drama, Suspense","Delinquents, Organized Crime, Psychological","Shoujo","22 min","R - 17+ (violence & profanity)",203,829897,29459,193,236,"https://myanimelist.net/anime/36649/Banana_Fish","https://cdn.myanimelist.net/r/50x70/images/anime/1190/93472.jpg?s=a44d13e8e51c4c0e8f80f019e142614c"
6114,136,"Rainbow: Nisha Rokubou no Shichinin","Rainbow: Criminal Seven of Compound Two Cell Six",8.48,"TV","Manga",26,"Finished Airing",2010-04-07,2010-09-29,175,"Spring","2010","Wedneday","00:59","VAP, Nippon Television Network","Funimation","Madhouse","Drama, Suspense","Delinquents, Historical","Seinen","22 min","R - 17+ (violence & profanity)",568,386187,8321,132,154,"https://myanimelist.net/anime/6114/Rainbow__Nisha_Rokubou_no_Shichinin","https://cdn.myanimelist.net/r/50x70/images/anime/9/72697.jpg?s=4752a62572e2172fe039d10d7163a125"
11981,137,"Mahou Shoujo Madoka★Magica Movie 3: Hangyaku no Monogatari","Mahou Shoujo Madoka Magika Movie 3, Magical Girl Madoka Magica Movie 3",8.47,"Movie","Original",1,"Finished Airing",2013-10-26,NA,NA,NA,NA,NA,NA,"Aniplex, Mainichi Broadcasting System, Movic, Nitroplus, Houbunsha","Aniplex of America","Shaft","Award Winning, Drama, Mystery, Suspense","Mahou Shoujo, Psychological",NA,"1 hr 56 min","PG-13 - Teens 13 or older",607,367734,8525,81,116,"https://myanimelist.net/anime/11981/Mahou_Shoujo_Madoka★Magica_Movie_3__Hangyaku_no_Monogatari","https://cdn.myanimelist.net/r/50x70/images/anime/5/54231.jpg?s=290c9412a715da372f5393aa76a8c5d6"
53236,138,"Road of Naruto","Naruto 20th Anniversary PV",8.47,"ONA","Manga",1,"Finished Airing",2022-10-03,NA,NA,NA,NA,NA,NA,"None found, add some",NA,"Pierrot","Action, Fantasy",NA,"Shounen","9 min","PG-13 - Teens 13 or older",3879,30253,109,5,5,"https://myanimelist.net/anime/53236/Road_of_Naruto","https://cdn.myanimelist.net/r/50x70/images/anime/1731/128787.jpg?s=bf5ba8e6be8d41201104efca93441fa0"
37379,139,"Chihayafuru 3","Chihayafull 3",8.47,"TV","Manga",24,"Finished Airing",2019-10-23,2020-03-25,154,"Fall","2019","Wedneday","01:29","Kodansha, Nippon Television Network, TC Entertainment, Nippon Television Music, FBC","Sentai Filmworks","Madhouse","Drama, Sports","Love Polygon, School, Strategy Game","Josei","22 min","PG-13 - Teens 13 or older",1579,135866,1491,33,37,"https://myanimelist.net/anime/37379/Chihayafuru_3","https://cdn.myanimelist.net/r/50x70/images/anime/1898/110709.jpg?s=43f1e4859f31ae7b736048e1aeafa246"
44087,140,"Gintama: The Semi-Final",NA,8.47,"Special","Manga",2,"Finished Airing",2021-01-15,2021-01-20,5,NA,NA,NA,NA,"None found, add some",NA,"Bandai Namco Pictures","Action, Comedy","Gag Humor, Historical, Parody, Samurai","Shounen","24 min","PG-13 - Teens 13 or older",2430,72020,241,3,4,"https://myanimelist.net/anime/44087/Gintama__The_Semi-Final","https://cdn.myanimelist.net/r/50x70/images/anime/1694/110521.jpg?s=b433e81b786eb85104bf7621078f4509"
48561,141,"Jujutsu Kaisen 0 Movie","Gekijouban Jujutsu Kaisen 0",8.47,"Movie","Manga",1,"Finished Airing",2021-12-24,NA,NA,NA,NA,NA,NA,"Mainichi Broadcasting System, TOHO animation, Shueisha, Sumzap","Crunchyroll","MAPPA","Action, Fantasy",NA,"Shounen","1 hr 44 min","R - 17+ (violence & profanity)",227,789742,9164,99,137,"https://myanimelist.net/anime/48561/Jujutsu_Kaisen_0_Movie","https://cdn.myanimelist.net/r/50x70/images/anime/1121/119044.jpg?s=1ff4db7140a7d31a110576b2699c87c1"
50330,142,"Bungou Stray Dogs 4th Season",NA,8.46,"TV","Manga",13,"Finished Airing",2023-01-04,2023-03-29,84,"Winter","2023","Wedneday","23:00","WOWOW, Lantis, Movic, Glovision, Crunchyroll, Kadokawa, Sony Music Solutions, Bandai Namco Music Live",NA,"Bones","Action, Mystery, Supernatural","Adult Cast, Organized Crime, Super Power","Seinen","23 min","R - 17+ (violence & profanity)",918,251997,3013,15,20,"https://myanimelist.net/anime/50330/Bungou_Stray_Dogs_4th_Season","https://cdn.myanimelist.net/r/50x70/images/anime/1263/132759.jpg?s=69958a08d37c2dde50c4efecf95ef172"
392,143,"Yuu☆Yuu☆Hakusho","Yu Yu Hakusho, Ghost Fighter, Poltergeist Report, YuYu Hakusho",8.46,"TV","Manga",112,"Finished Airing",1992-10-10,1995-01-07,819,"Fall","1992","Unknown",NA,"Yomiko Advertising, Fuji TV","Funimation","Pierrot","Action, Fantasy",NA,"Shounen","24 min","PG-13 - Teens 13 or older",291,665562,22163,140,161,"https://myanimelist.net/anime/392/Yuu☆Yuu☆Hakusho","https://cdn.myanimelist.net/r/50x70/images/anime/1228/111372.jpg?s=564b60dca1108a5de9706ee146556481"
40434,144,"Mo Dao Zu Shi: Wanjie Pian","Grandmaster of Demonic Cultivation 3, The Founder of Diabolism 3, Mo Dao Zu Shi 3rd Season, Mo Dao Zu Shi Final Arc",8.46,"ONA","Web novel",12,"Finished Airing",2021-08-07,2021-10-16,70,NA,NA,NA,NA,"Tencent Penguin Pictures",NA,"B.CMAY PICTURES","Action, Adventure, Drama, Fantasy, Mystery","Historical, Mythology, Reincarnation",NA,"24 min","R - 17+ (violence & profanity)",2364,75598,1552,12,14,"https://myanimelist.net/anime/40434/Mo_Dao_Zu_Shi__Wanjie_Pian","https://cdn.myanimelist.net/r/50x70/images/anime/1634/116782.jpg?s=f3e813705fd0d84678835c9f3d36f3dd"
10165,145,"Nichijou","Everyday",8.46,"TV","Manga",26,"Finished Airing",2011-04-03,2011-09-25,175,"Spring","2011","Sunday","02:20","Lantis, Kadokawa Shoten, Movic, Rakuonsha, Kadokawa Pictures Japan, KlockWorx, Animation Do","Funimation, Bandai Entertainment","Kyoto Animation",NA,"Gag Humor, School","Shounen","23 min","PG-13 - Teens 13 or older",186,868386,23020,209,247,"https://myanimelist.net/anime/10165/Nichijou","https://cdn.myanimelist.net/r/50x70/images/anime/3/75617.jpg?s=a6141f357026aca2496b1a9debaf9d2b"
31181,146,"Owarimonogatari","End Story",8.45,"TV","Light novel",12,"Finished Airing",2015-10-04,2015-12-20,77,"Fall","2015","Sunday","00:00","Aniplex","Aniplex of America","Shaft","Comedy, Mystery, Supernatural",NA,NA,"26 min","R - 17+ (violence & profanity)",460,467550,2831,29,34,"https://myanimelist.net/anime/31181/Owarimonogatari","https://cdn.myanimelist.net/r/50x70/images/anime/8/76479.jpg?s=06972a9be6f61b90db15c82e26ffffa8"
40059,147,"Golden Kamuy 3rd Season",NA,8.45,"TV","Manga",12,"Finished Airing",2020-10-05,2020-12-21,77,"Fall","2020","Monday","23:00","Magic Capsule, NBCUniversal Entertainment Japan, Twin Engine","Funimation","Geno Studio","Action, Adventure","Adult Cast, Historical, Military","Seinen","23 min","R - 17+ (violence & profanity)",1398,159455,1426,22,23,"https://myanimelist.net/anime/40059/Golden_Kamuy_3rd_Season","https://cdn.myanimelist.net/r/50x70/images/anime/1763/108108.jpg?s=22d3f08e16a4dc2ae42c578afb5601a3"
11577,148,"Steins;Gate Movie: Fuka Ryouiki no Déjà vu","Steins Gate Movie",8.45,"Movie","Visual novel",1,"Finished Airing",2013-04-20,NA,NA,NA,NA,NA,NA,"Frontier Works, Media Factory, Movic, AT-X, Kadokawa Pictures Japan, MAGES.","Funimation","White Fox","Drama, Sci-Fi",NA,NA,"1 hr 30 min","PG-13 - Teens 13 or older",356,579994,2589,72,91,"https://myanimelist.net/anime/11577/Steins_Gate_Movie__Fuka_Ryouiki_no_Déjà_vu","https://cdn.myanimelist.net/r/50x70/images/anime/1611/112806.jpg?s=c9538c011d7fc90662a6ba3bf7fe7939"
38475,149,"Yuru Camp△ Movie","Eiga Yuru Camp",8.45,"Movie","Manga",1,"Finished Airing",2022-07-01,NA,NA,NA,NA,NA,NA,"DeNA",NA,"C-Station",NA,"Adult Cast, CGDCT, Iyashikei",NA,"2 hr","PG-13 - Teens 13 or older",2467,70168,383,11,11,"https://myanimelist.net/anime/38475/Yuru_Camp△_Movie","https://cdn.myanimelist.net/r/50x70/images/anime/1052/123863.jpg?s=aab79fe08e11f51ac87c32b4074b4762"
36999,150,"Zoku Owarimonogatari",NA,8.45,"Movie","Light novel",6,"Finished Airing",2018-11-10,NA,NA,NA,NA,NA,NA,"Aniplex, Kodansha","Aniplex of America","Shaft","Comedy, Mystery, Supernatural",NA,NA,"28 min","R - 17+ (violence & profanity)",1056,218260,960,23,27,"https://myanimelist.net/anime/36999/Zoku_Owarimonogatari","https://cdn.myanimelist.net/r/50x70/images/anime/1022/96168.jpg?s=f029ef4f042b18083f8378d1047dd780"
